LATITUDE,LONGITUDE,CIDADE,ÂNGULO,MWH
-3.2081547,-52.2086,Altamira,0,29.084
-3.2081547,-52.2086,Altamira,5,29.05577498
-3.2081547,-52.2086,Altamira,10,29.02002329
-3.2081547,-52.2086,Altamira,15,28.9786266
-3.2081547,-52.2086,Altamira,20,28.93252573
-3.2081547,-52.2086,Altamira,25,28.8817207
-3.2081547,-52.2086,Altamira,30,28.8262115
-3.2081547,-52.2086,Altamira,35,28.76599812
-3.2081547,-52.2086,Altamira,40,28.69919891
-3.2081547,-52.2086,Altamira,45,28.6323997
-3.2081547,-52.2086,Altamira,50,28.56842299
-3.2081547,-52.2086,Altamira,55,28.51009129
-3.2081547,-52.2086,Altamira,60,28.45834542
-3.2081547,-52.2086,Altamira,65,28.40754039
-3.2081547,-52.2086,Altamira,70,28.35391285
-3.2081547,-52.2086,Altamira,75,28.29934448
-3.2081547,-52.2086,Altamira,80,28.24195361
-3.2081547,-52.2086,Altamira,85,28.18456274
-3.2081547,-52.2086,Altamira,90,28.12717187
-3.2081547,-52.2086,Altamira,95,28.06884016
-3.2081547,-52.2086,Altamira,100,28.01239013
-3.2081547,-52.2086,Altamira,105,27.95876259
-3.2081547,-52.2086,Altamira,110,27.90701672
-3.2081547,-52.2086,Altamira,115,27.86091586
-3.2081547,-52.2086,Altamira,120,27.81857833
-3.2081547,-52.2086,Altamira,125,27.78094497
-3.2081547,-52.2086,Altamira,130,27.74519328
-3.2081547,-52.2086,Altamira,135,27.71414576
-3.2081547,-52.2086,Altamira,140,27.68780241
-3.2081547,-52.2086,Altamira,145,27.66616323
-3.2081547,-52.2086,Altamira,150,27.65016906
-3.2081547,-52.2086,Altamira,155,27.63887905
-3.2081547,-52.2086,Altamira,160,27.63417488
-3.2081547,-52.2086,Altamira,165,27.63511571
-3.2081547,-52.2086,Altamira,170,27.64170155
-3.2081547,-52.2086,Altamira,175,27.65581406
-3.2081547,-52.2086,Altamira,180,27.67557157
-20.4613172,-55.777153,Aquidauana,0,32.782
-20.4613172,-55.777153,Aquidauana,5,32.77631066
-20.4613172,-55.777153,Aquidauana,10,32.74596749
-20.4613172,-55.777153,Aquidauana,15,32.69286694
-20.4613172,-55.777153,Aquidauana,20,32.6160608
-20.4613172,-55.777153,Aquidauana,25,32.5212384
-20.4613172,-55.777153,Aquidauana,30,32.41219264
-20.4613172,-55.777153,Aquidauana,35,32.28892352
-20.4613172,-55.777153,Aquidauana,40,32.14953459
-20.4613172,-55.777153,Aquidauana,45,31.99592231
-20.4613172,-55.777153,Aquidauana,50,31.82808666
-20.4613172,-55.777153,Aquidauana,55,31.6441312
-20.4613172,-55.777153,Aquidauana,60,31.44500417
-20.4613172,-55.777153,Aquidauana,65,31.23355021
-20.4613172,-55.777153,Aquidauana,70,31.01451047
-20.4613172,-55.777153,Aquidauana,75,30.79167783
-20.4613172,-55.777153,Aquidauana,80,30.56600052
-20.4613172,-55.777153,Aquidauana,85,30.33463387
-20.4613172,-55.777153,Aquidauana,90,30.10137076
-20.4613172,-55.777153,Aquidauana,95,29.86715944
-20.4613172,-55.777153,Aquidauana,100,29.63199988
-20.4613172,-55.777153,Aquidauana,105,29.39873678
-20.4613172,-55.777153,Aquidauana,110,29.16926657
-20.4613172,-55.777153,Aquidauana,115,28.94548571
-20.4613172,-55.777153,Aquidauana,120,28.72929064
-20.4613172,-55.777153,Aquidauana,125,28.52257781
-20.4613172,-55.777153,Aquidauana,130,28.32629544
-20.4613172,-55.777153,Aquidauana,135,28.14328821
-20.4613172,-55.777153,Aquidauana,140,27.97260789
-20.4613172,-55.777153,Aquidauana,145,27.81804738
-20.4613172,-55.777153,Aquidauana,150,27.6805549
-20.4613172,-55.777153,Aquidauana,155,27.5620269
-20.4613172,-55.777153,Aquidauana,160,27.46151516
-20.4613172,-55.777153,Aquidauana,165,27.38281257
-20.4613172,-55.777153,Aquidauana,170,27.3287638
-20.4613172,-55.777153,Aquidauana,175,27.30316175
-20.4613172,-55.777153,Aquidauana,180,27.30600642
-22.4803709,-48.56096,Barra Bonita,0,29.877
-22.4803709,-48.56096,Barra Bonita,5,29.84752144
-22.4803709,-48.56096,Barra Bonita,10,29.79902444
-22.4803709,-48.56096,Barra Bonita,15,29.73150902
-22.4803709,-48.56096,Barra Bonita,20,29.6459261
-22.4803709,-48.56096,Barra Bonita,25,29.5441775
-22.4803709,-48.56096,Barra Bonita,30,29.42436141
-22.4803709,-48.56096,Barra Bonita,35,29.28552688
-22.4803709,-48.56096,Barra Bonita,40,29.13052669
-22.4803709,-48.56096,Barra Bonita,45,28.96887005
-22.4803709,-48.56096,Barra Bonita,50,28.80436064
-22.4803709,-48.56096,Barra Bonita,55,28.63414571
-22.4803709,-48.56096,Barra Bonita,60,28.45917617
-22.4803709,-48.56096,Barra Bonita,65,28.27374649
-22.4803709,-48.56096,Barra Bonita,70,28.07690576
-22.4803709,-48.56096,Barra Bonita,75,27.87055581
-22.4803709,-48.56096,Barra Bonita,80,27.65659849
-22.4803709,-48.56096,Barra Bonita,85,27.43883749
-22.4803709,-48.56096,Barra Bonita,90,27.21917464
-22.4803709,-48.56096,Barra Bonita,95,27.00046271
-22.4803709,-48.56096,Barra Bonita,100,26.78365263
-22.4803709,-48.56096,Barra Bonita,105,26.56969531
-22.4803709,-48.56096,Barra Bonita,110,26.35859076
-22.4803709,-48.56096,Barra Bonita,115,26.15319173
-22.4803709,-48.56096,Barra Bonita,120,25.95349823
-22.4803709,-48.56096,Barra Bonita,125,25.76331395
-22.4803709,-48.56096,Barra Bonita,130,25.58454072
-22.4803709,-48.56096,Barra Bonita,135,25.42003132
-22.4803709,-48.56096,Barra Bonita,140,25.27073666
-22.4803709,-48.56096,Barra Bonita,145,25.13855858
-22.4803709,-48.56096,Barra Bonita,150,25.02349709
-22.4803709,-48.56096,Barra Bonita,155,24.92745402
-22.4803709,-48.56096,Barra Bonita,160,24.85138031
-22.4803709,-48.56096,Barra Bonita,165,24.79527595
-22.4803709,-48.56096,Barra Bonita,170,24.75914093
-22.4803709,-48.56096,Barra Bonita,175,24.74297527
-22.4803709,-48.56096,Barra Bonita,180,24.74677896
-1.3413479,-48.59081,Belem,0,29.82
-1.3413479,-48.59081,Belem,5,29.82375946
-1.3413479,-48.59081,Belem,5,29.82375946
-1.3413479,-48.59081,Belem,15,29.81812027
-1.3413479,-48.59081,Belem,20,29.80684191
-1.3413479,-48.59081,Belem,25,29.78992436
-1.3413479,-48.59081,Belem,30,29.76830749
-1.3413479,-48.59081,Belem,35,29.74293116
-1.3413479,-48.59081,Belem,40,29.71473525
-1.3413479,-48.59081,Belem,45,29.68184002
-1.3413479,-48.59081,Belem,50,29.64518533
-1.3413479,-48.59081,Belem,55,29.60477118
-1.3413479,-48.59081,Belem,60,29.56341717
-1.3413479,-48.59081,Belem,65,29.52300303
-1.3413479,-48.59081,Belem,70,29.48634834
-1.3413479,-48.59081,Belem,75,29.4534531
-1.3413479,-48.59081,Belem,80,29.42149773
-1.3413479,-48.59081,Belem,85,29.3886025
-1.3413479,-48.59081,Belem,90,29.35288767
-1.3413479,-48.59081,Belem,95,29.31529312
-1.3413479,-48.59081,Belem,100,29.27581884
-1.3413479,-48.59081,Belem,105,29.23728442
-1.3413479,-48.59081,Belem,110,29.19781014
-1.3413479,-48.59081,Belem,115,29.15927572
-1.3413479,-48.59081,Belem,120,29.1207413
-1.3413479,-48.59081,Belem,125,29.08408661
-1.3413479,-48.59081,Belem,130,29.04743192
-1.3413479,-48.59081,Belem,135,29.0117171
-1.3413479,-48.59081,Belem,140,28.97694213
-1.3413479,-48.59081,Belem,145,28.94498676
-1.3413479,-48.59081,Belem,150,28.91679085
-1.3413479,-48.59081,Belem,155,28.89423411
-1.3413479,-48.59081,Belem,160,28.87919629
-1.3413479,-48.59081,Belem,165,28.86979766
-1.3413479,-48.59081,Belem,170,28.86321861
-1.3413479,-48.59081,Belem,175,28.85757943
-1.3413479,-48.59081,Belem,180,28.85663956
-15.7217173,-48.0777,Brasilia,0,34.313
-15.7217173,-48.0777,Brasilia,5,34.26566373
-15.7217173,-48.0777,Brasilia,10,34.19707444
-15.7217173,-48.0777,Brasilia,15,34.11013027
-15.7217173,-48.0777,Brasilia,20,34.00966145
-15.7217173,-48.0777,Brasilia,25,33.89083775
-15.7217173,-48.0777,Brasilia,30,33.75365917
-15.7217173,-48.0777,Brasilia,35,33.59619361
-15.7217173,-48.0777,Brasilia,40,33.42037318
-15.7217173,-48.0777,Brasilia,45,33.23199414
-15.7217173,-48.0777,Brasilia,50,33.03878488
-15.7217173,-48.0777,Brasilia,55,32.84943979
-15.7217173,-48.0777,Brasilia,60,32.66782308
-15.7217173,-48.0777,Brasilia,65,32.49007055
-15.7217173,-48.0777,Brasilia,70,32.30652175
-15.7217173,-48.0777,Brasilia,75,32.11621062
-15.7217173,-48.0777,Brasilia,80,31.92010321
-15.7217173,-48.0777,Brasilia,85,31.71819953
-15.7217173,-48.0777,Brasilia,90,31.51049956
-15.7217173,-48.0777,Brasilia,95,31.29796937
-15.7217173,-48.0777,Brasilia,100,31.08157499
-15.7217173,-48.0777,Brasilia,105,30.86614665
-15.7217173,-48.0777,Brasilia,110,30.65265041
-15.7217173,-48.0777,Brasilia,115,30.4439844
-15.7217173,-48.0777,Brasilia,120,30.24208072
-15.7217173,-48.0777,Brasilia,125,30.04597331
-15.7217173,-48.0777,Brasilia,130,29.86145846
-15.7217173,-48.0777,Brasilia,135,29.6933664
-15.7217173,-48.0777,Brasilia,140,29.54362921
-15.7217173,-48.0777,Brasilia,145,29.41321296
-15.7217173,-48.0777,Brasilia,150,29.30501577
-15.7217173,-48.0777,Brasilia,155,29.21517346
-15.7217173,-48.0777,Brasilia,160,29.14561812
-15.7217173,-48.0777,Brasilia,165,29.09634976
-15.7217173,-48.0777,Brasilia,170,29.06736837
-15.7217173,-48.0777,Brasilia,175,29.06060604
-15.7217173,-48.0777,Brasilia,180,29.07799488
-10.2116585,-63.85133,Buritis,0,33.168
-10.2116585,-63.85133,Buritis,5,33.16421078
-10.2116585,-63.85133,Buritis,10,33.14526467
-10.2116585,-63.85133,Buritis,15,33.11116168
-10.2116585,-63.85133,Buritis,20,33.06190181
-10.2116585,-63.85133,Buritis,25,32.99559044
-10.2116585,-63.85133,Buritis,30,32.91317488
-10.2116585,-63.85133,Buritis,35,32.81939165
-10.2116585,-63.85133,Buritis,40,32.71518807
-10.2116585,-63.85133,Buritis,45,32.60056413
-10.2116585,-63.85133,Buritis,50,32.48025636
-10.2116585,-63.85133,Buritis,55,32.35710667
-10.2116585,-63.85133,Buritis,60,32.23774621
-10.2116585,-63.85133,Buritis,65,32.12028035
-10.2116585,-63.85133,Buritis,70,32.00091989
-10.2116585,-63.85133,Buritis,75,31.87492828
-10.2116585,-63.85133,Buritis,80,31.74325285
-10.2116585,-63.85133,Buritis,85,31.60494628
-10.2116585,-63.85133,Buritis,90,31.46190318
-10.2116585,-63.85133,Buritis,95,31.31507086
-10.2116585,-63.85133,Buritis,100,31.16444932
-10.2116585,-63.85133,Buritis,105,31.01193317
-10.2116585,-63.85133,Buritis,110,30.85941702
-10.2116585,-63.85133,Buritis,115,30.70974278
-10.2116585,-63.85133,Buritis,120,30.56196316
-10.2116585,-63.85133,Buritis,125,30.41986736
-10.2116585,-63.85133,Buritis,130,30.2834554
-10.2116585,-63.85133,Buritis,135,30.15651649
-10.2116585,-63.85133,Buritis,140,30.04189255
-10.2116585,-63.85133,Buritis,145,29.94147819
-10.2116585,-63.85133,Buritis,150,29.8533788
-10.2116585,-63.85133,Buritis,155,29.77569977
-10.2116585,-63.85133,Buritis,160,29.70844109
-10.2116585,-63.85133,Buritis,165,29.65349739
-10.2116585,-63.85133,Buritis,170,29.61465787
-10.2116585,-63.85133,Buritis,175,29.59381715
-10.2116585,-63.85133,Buritis,180,29.59286985
-20.8521352,-41.175078,Cachoeiro de Itapemirim,0,29.055
-20.8521352,-41.175078,Cachoeiro de Itapemirim,5,29.05311447
-20.8521352,-41.175078,Cachoeiro de Itapemirim,10,29.0323737
-20.8521352,-41.175078,Cachoeiro de Itapemirim,15,28.99183491
-20.8521352,-41.175078,Cachoeiro de Itapemirim,20,28.93338363
-20.8521352,-41.175078,Cachoeiro de Itapemirim,25,28.86173367
-20.8521352,-41.175078,Cachoeiro de Itapemirim,30,28.7778278
-20.8521352,-41.175078,Cachoeiro de Itapemirim,35,28.68166602
-20.8521352,-41.175078,Cachoeiro de Itapemirim,40,28.57042003
-20.8521352,-41.175078,Cachoeiro de Itapemirim,45,28.44597537
-20.8521352,-41.175078,Cachoeiro de Itapemirim,50,28.30833204
-20.8521352,-41.175078,Cachoeiro de Itapemirim,55,28.15937555
-20.8521352,-41.175078,Cachoeiro de Itapemirim,60,27.99722038
-20.8521352,-41.175078,Cachoeiro de Itapemirim,65,27.82563759
-20.8521352,-41.175078,Cachoeiro de Itapemirim,70,27.65028375
-20.8521352,-41.175078,Cachoeiro de Itapemirim,75,27.47115886
-20.8521352,-41.175078,Cachoeiro de Itapemirim,80,27.28920568
-20.8521352,-41.175078,Cachoeiro de Itapemirim,85,27.10348146
-20.8521352,-41.175078,Cachoeiro de Itapemirim,90,26.91492894
-20.8521352,-41.175078,Cachoeiro de Itapemirim,95,26.72543366
-20.8521352,-41.175078,Cachoeiro de Itapemirim,100,26.53405286
-20.8521352,-41.175078,Cachoeiro de Itapemirim,105,26.34361482
-20.8521352,-41.175078,Cachoeiro de Itapemirim,110,26.15600506
-20.8521352,-41.175078,Cachoeiro de Itapemirim,115,25.97310912
-20.8521352,-41.175078,Cachoeiro de Itapemirim,120,25.79492699
-20.8521352,-41.175078,Cachoeiro de Itapemirim,125,25.62522973
-20.8521352,-41.175078,Cachoeiro de Itapemirim,130,25.46496009
-20.8521352,-41.175078,Cachoeiro de Itapemirim,135,25.31317531
-20.8521352,-41.175078,Cachoeiro de Itapemirim,140,25.17364645
-20.8521352,-41.175078,Cachoeiro de Itapemirim,145,25.0463735
-20.8521352,-41.175078,Cachoeiro de Itapemirim,150,24.93135647
-20.8521352,-41.175078,Cachoeiro de Itapemirim,155,24.83048087
-20.8521352,-41.175078,Cachoeiro de Itapemirim,160,24.74468948
-20.8521352,-41.175078,Cachoeiro de Itapemirim,165,24.67492505
-20.8521352,-41.175078,Cachoeiro de Itapemirim,170,24.62684415
-20.8521352,-41.175078,Cachoeiro de Itapemirim,175,24.60138956
-20.8521352,-41.175078,Cachoeiro de Itapemirim,180,24.59856128
-20.4810434,-54.775965,Campo Grande,0,32.833
-20.4810434,-54.775965,Campo Grande,5,32.8206163
-20.4810434,-54.775965,Campo Grande,10,32.78822816
-20.4810434,-54.775965,Campo Grande,15,32.73107262
-20.4810434,-54.775965,Campo Grande,20,32.65105486
-20.4810434,-54.775965,Campo Grande,25,32.54817489
-20.4810434,-54.775965,Campo Grande,30,32.43005344
-20.4810434,-54.775965,Campo Grande,35,32.30050088
-20.4810434,-54.775965,Campo Grande,40,32.15761203
-20.4810434,-54.775965,Campo Grande,45,31.99852911
-20.4810434,-54.775965,Campo Grande,50,31.8261099
-20.4810434,-54.775965,Campo Grande,55,31.6403544
-20.4810434,-54.775965,Campo Grande,60,31.4412626
-20.4810434,-54.775965,Campo Grande,65,31.22883451
-20.4810434,-54.775965,Campo Grande,70,31.00783309
-20.4810434,-54.775965,Campo Grande,75,30.7820687
-20.4810434,-54.775965,Campo Grande,80,30.55344654
-20.4810434,-54.775965,Campo Grande,85,30.32196661
-20.4810434,-54.775965,Campo Grande,90,30.08762889
-20.4810434,-54.775965,Campo Grande,95,29.85138599
-20.4810434,-54.775965,Campo Grande,100,29.61514309
-20.4810434,-54.775965,Campo Grande,105,29.37985279
-20.4810434,-54.775965,Campo Grande,110,29.14837285
-20.4810434,-54.775965,Campo Grande,115,28.92165587
-20.4810434,-54.775965,Campo Grande,120,28.70160704
-20.4810434,-54.775965,Campo Grande,125,28.49013155
-20.4810434,-54.775965,Campo Grande,130,28.28722938
-20.4810434,-54.775965,Campo Grande,135,28.09671091
-20.4810434,-54.775965,Campo Grande,140,27.91952874
-20.4810434,-54.775965,Campo Grande,145,27.75949323
-20.4810434,-54.775965,Campo Grande,150,27.61850956
-20.4810434,-54.775965,Campo Grande,155,27.49753033
-20.4810434,-54.775965,Campo Grande,160,27.39655555
-20.4810434,-54.775965,Campo Grande,165,27.3155852
-20.4810434,-54.775965,Campo Grande,170,27.26319262
-20.4810434,-54.775965,Campo Grande,175,27.241283
-20.4810434,-54.775965,Campo Grande,180,27.24509336
-24.9637543,-53.542564,Cascavel,0,31.221
-24.9637543,-53.542564,Cascavel,5,31.18951568
-24.9637543,-53.542564,Cascavel,10,31.13894994
-24.9637543,-53.542564,Cascavel,15,31.06930281
-24.9637543,-53.542564,Cascavel,20,30.97580391
-24.9637543,-53.542564,Cascavel,25,30.85749917
-24.9637543,-53.542564,Cascavel,30,30.72392932
-24.9637543,-53.542564,Cascavel,35,30.5760484
-24.9637543,-53.542564,Cascavel,40,30.41862679
-24.9637543,-53.542564,Cascavel,45,30.24689411
-24.9637543,-53.542564,Cascavel,50,30.05894224
-24.9637543,-53.542564,Cascavel,55,29.85667932
-24.9637543,-53.542564,Cascavel,60,29.64201348
-24.9637543,-53.542564,Cascavel,65,29.41685286
-24.9637543,-53.542564,Cascavel,70,29.18596782
-24.9637543,-53.542564,Cascavel,75,28.95317464
-24.9637543,-53.542564,Cascavel,80,28.71751925
-24.9637543,-53.542564,Cascavel,85,28.47995572
-24.9637543,-53.542564,Cascavel,90,28.24143812
-24.9637543,-53.542564,Cascavel,95,28.00292052
-24.9637543,-53.542564,Cascavel,100,27.76535699
-24.9637543,-53.542564,Cascavel,105,27.53065567
-24.9637543,-53.542564,Cascavel,110,27.29977063
-24.9637543,-53.542564,Cascavel,115,27.07651815
-24.9637543,-53.542564,Cascavel,120,26.86185231
-24.9637543,-53.542564,Cascavel,125,26.65672717
-24.9637543,-53.542564,Cascavel,130,26.46114274
-24.9637543,-53.542564,Cascavel,135,26.27986936
-24.9637543,-53.542564,Cascavel,140,26.11576925
-24.9637543,-53.542564,Cascavel,145,25.97170462
-24.9637543,-53.542564,Cascavel,150,25.85053768
-24.9637543,-53.542564,Cascavel,155,25.74940622
-24.9637543,-53.542564,Cascavel,160,25.6692643
-24.9637543,-53.542564,Cascavel,165,25.61011194
-24.9637543,-53.542564,Cascavel,170,25.57194912
-24.9637543,-53.542564,Cascavel,175,25.55668399
-24.9637543,-53.542564,Cascavel,180,25.56908691
-13.6582185,-59.82911,Comodoro,0,32.167
-13.6582185,-59.82911,Comodoro,5,32.134635
-13.6582185,-59.82911,Comodoro,10,32.08799133
-13.6582185,-59.82911,Comodoro,15,32.02706898
-13.6582185,-59.82911,Comodoro,20,31.95091605
-13.6582185,-59.82911,Comodoro,25,31.86524399
-13.6582185,-59.82911,Comodoro,30,31.77005282
-13.6582185,-59.82911,Comodoro,35,31.6624868
-13.6582185,-59.82911,Comodoro,40,31.54254593
-13.6582185,-59.82911,Comodoro,45,31.41118211
-13.6582185,-59.82911,Comodoro,50,31.26934727
-13.6582185,-59.82911,Comodoro,55,31.11608949
-13.6582185,-59.82911,Comodoro,60,30.95902406
-13.6582185,-59.82911,Comodoro,65,30.80195863
-13.6582185,-59.82911,Comodoro,70,30.64965276
-13.6582185,-59.82911,Comodoro,75,30.49925071
-13.6582185,-59.82911,Comodoro,80,30.34980057
-13.6582185,-59.82911,Comodoro,85,30.19844661
-13.6582185,-59.82911,Comodoro,90,30.04614074
-13.6582185,-59.82911,Comodoro,95,29.89193105
-13.6582185,-59.82911,Comodoro,100,29.73581753
-13.6582185,-59.82911,Comodoro,105,29.5787521
-13.6582185,-59.82911,Comodoro,110,29.42359049
-13.6582185,-59.82911,Comodoro,115,29.27223654
-13.6582185,-59.82911,Comodoro,120,29.12659405
-13.6582185,-59.82911,Comodoro,125,28.99047067
-13.6582185,-59.82911,Comodoro,130,28.86577024
-13.6582185,-59.82911,Comodoro,135,28.75534848
-13.6582185,-59.82911,Comodoro,140,28.6592054
-13.6582185,-59.82911,Comodoro,145,28.57448526
-13.6582185,-59.82911,Comodoro,150,28.5040438
-13.6582185,-59.82911,Comodoro,155,28.4469291
-13.6582185,-59.82911,Comodoro,160,28.40218925
-13.6582185,-59.82911,Comodoro,165,28.37077616
-13.6582185,-59.82911,Comodoro,170,28.35459366
-13.6582185,-59.82911,Comodoro,170,28.35459366
-13.6582185,-59.82911,Comodoro,180,28.36887234
-18.1878123,-55.253195,Coxim,0,32.425
-18.1878123,-55.253195,Coxim,0,32.425
-18.1878123,-55.253195,Coxim,10,32.40413632
-18.1878123,-55.253195,Coxim,15,32.36240897
-18.1878123,-55.253195,Coxim,20,32.29981793
-18.1878123,-55.253195,Coxim,25,32.21825992
-18.1878123,-55.253195,Coxim,30,32.12342502
-18.1878123,-55.253195,Coxim,35,32.01720994
-18.1878123,-55.253195,Coxim,40,31.90056301
-18.1878123,-55.253195,Coxim,45,31.7706392
-18.1878123,-55.253195,Coxim,50,31.62838686
-18.1878123,-55.253195,Coxim,55,31.47285762
-18.1878123,-55.253195,Coxim,60,31.3040515
-18.1878123,-55.253195,Coxim,65,31.12102015
-18.1878123,-55.253195,Coxim,70,30.92755696
-18.1878123,-55.253195,Coxim,75,30.72650698
-18.1878123,-55.253195,Coxim,80,30.5216636
-18.1878123,-55.253195,Coxim,85,30.31397517
-18.1878123,-55.253195,Coxim,90,30.1034417
-18.1878123,-55.253195,Coxim,95,29.89006317
-18.1878123,-55.253195,Coxim,100,29.6757363
-18.1878123,-55.253195,Coxim,105,29.46235778
-18.1878123,-55.253195,Coxim,110,29.25182431
-18.1878123,-55.253195,Coxim,115,29.04413588
-18.1878123,-55.253195,Coxim,120,28.84213755
-18.1878123,-55.253195,Coxim,125,28.64772601
-18.1878123,-55.253195,Coxim,130,28.46279796
-18.1878123,-55.253195,Coxim,135,28.28830175
-18.1878123,-55.253195,Coxim,140,28.12518572
-18.1878123,-55.253195,Coxim,145,27.97534658
-18.1878123,-55.253195,Coxim,150,27.84162938
-18.1878123,-55.253195,Coxim,155,27.7240341
-18.1878123,-55.253195,Coxim,160,27.62350911
-18.1878123,-55.253195,Coxim,165,27.54289945
-18.1878123,-55.253195,Coxim,170,27.48505016
-18.1878123,-55.253195,Coxim,175,27.45375464
-18.1878123,-55.253195,Coxim,180,27.4471162
-15.4191704,-56.456297,Cuiaba,0,31.706
-15.4191704,-56.456297,Cuiaba,5,31.69086406
-15.4191704,-56.456297,Cuiaba,10,31.6587002
-15.4191704,-56.456297,Cuiaba,15,31.61140041
-15.4191704,-56.456297,Cuiaba,20,31.54896467
-15.4191704,-56.456297,Cuiaba,25,31.47423099
-15.4191704,-56.456297,Cuiaba,30,31.38909136
-15.4191704,-56.456297,Cuiaba,35,31.29449177
-15.4191704,-56.456297,Cuiaba,40,31.19137821
-15.4191704,-56.456297,Cuiaba,45,31.07785869
-15.4191704,-56.456297,Cuiaba,50,30.95298723
-15.4191704,-56.456297,Cuiaba,55,30.81676381
-15.4191704,-56.456297,Cuiaba,60,30.66918845
-15.4191704,-56.456297,Cuiaba,65,30.50931513
-15.4191704,-56.456297,Cuiaba,70,30.34281985
-15.4191704,-56.456297,Cuiaba,75,30.17064859
-15.4191704,-56.456297,Cuiaba,80,29.99753133
-15.4191704,-56.456297,Cuiaba,85,29.82441407
-15.4191704,-56.456297,Cuiaba,90,29.64940482
-15.4191704,-56.456297,Cuiaba,95,29.47344958
-15.4191704,-56.456297,Cuiaba,100,29.29654834
-15.4191704,-56.456297,Cuiaba,105,29.12153909
-15.4191704,-56.456297,Cuiaba,110,28.94842183
-15.4191704,-56.456297,Cuiaba,115,28.77908855
-15.4191704,-56.456297,Cuiaba,120,28.61448526
-15.4191704,-56.456297,Cuiaba,125,28.45839593
-15.4191704,-56.456297,Cuiaba,130,28.30987457
-15.4191704,-56.456297,Cuiaba,135,28.17175916
-15.4191704,-56.456297,Cuiaba,140,28.04404971
-15.4191704,-56.456297,Cuiaba,145,27.9286382
-15.4191704,-56.456297,Cuiaba,150,27.82457865
-15.4191704,-56.456297,Cuiaba,155,27.73470903
-15.4191704,-56.456297,Cuiaba,160,27.65997536
-15.4191704,-56.456297,Cuiaba,165,27.60132361
-15.4191704,-56.456297,Cuiaba,170,27.56064578
-15.4191704,-56.456297,Cuiaba,175,27.53888787
-15.4191704,-56.456297,Cuiaba,180,27.53699588
-22.2312801,-54.86489,Dourados,0,32.046
-22.2312801,-54.86489,Dourados,5,32.02510766
-22.2312801,-54.86489,Dourados,10,31.98332298
-22.2312801,-54.86489,Dourados,15,31.91779701
-22.2312801,-54.86489,Dourados,20,31.83042904
-22.2312801,-54.86489,Dourados,25,31.72121908
-22.2312801,-54.86489,Dourados,30,31.5968147
-22.2312801,-54.86489,Dourados,35,31.46196414
-22.2312801,-54.86489,Dourados,40,31.31381846
-22.2312801,-54.86489,Dourados,45,31.151428
-22.2312801,-54.86489,Dourados,50,30.97384312
-22.2312801,-54.86489,Dourados,55,30.78296311
-22.2312801,-54.86489,Dourados,60,30.57878797
-22.2312801,-54.86489,Dourados,65,30.36511631
-22.2312801,-54.86489,Dourados,70,30.1447971
-22.2312801,-54.86489,Dourados,75,29.92162892
-22.2312801,-54.86489,Dourados,80,29.69561179
-22.2312801,-54.86489,Dourados,85,29.46674571
-22.2312801,-54.86489,Dourados,90,29.23408102
-22.2312801,-54.86489,Dourados,95,29.00046668
-22.2312801,-54.86489,Dourados,100,28.76875164
-22.2312801,-54.86489,Dourados,105,28.5389359
-22.2312801,-54.86489,Dourados,110,28.31386842
-22.2312801,-54.86489,Dourados,115,28.09544851
-22.2312801,-54.86489,Dourados,120,27.88652511
-22.2312801,-54.86489,Dourados,125,27.68709824
-22.2312801,-54.86489,Dourados,130,27.50001683
-22.2312801,-54.86489,Dourados,135,27.32433125
-22.2312801,-54.86489,Dourados,140,27.16289044
-22.2312801,-54.86489,Dourados,145,27.01854337
-22.2312801,-54.86489,Dourados,150,26.89318933
-22.2312801,-54.86489,Dourados,155,26.78967729
-22.2312801,-54.86489,Dourados,160,26.70610793
-22.2312801,-54.86489,Dourados,165,26.64343091
-22.2312801,-54.86489,Dourados,170,26.60449518
-22.2312801,-54.86489,Dourados,175,26.59309936
-22.2312801,-54.86489,Dourados,180,26.60829379
-12.1997775,-39.33484,Feira de Santana,0,30.145
-12.1997775,-39.33484,Feira de Santana,5,30.11566687
-12.1997775,-39.33484,Feira de Santana,10,30.0759252
-12.1997775,-39.33484,Feira de Santana,15,30.02482877
-12.1997775,-39.33484,Feira de Santana,20,29.96710873
-12.1997775,-39.33484,Feira de Santana,25,29.90276508
-12.1997775,-39.33484,Feira de Santana,30,29.83463651
-12.1997775,-39.33484,Feira de Santana,35,29.76272302
-12.1997775,-39.33484,Feira de Santana,40,29.6898633
-12.1997775,-39.33484,Feira de Santana,45,29.61889604
-12.1997775,-39.33484,Feira de Santana,50,29.54792878
-12.1997775,-39.33484,Feira de Santana,55,29.47412283
-12.1997775,-39.33484,Feira de Santana,60,29.39558572
-12.1997775,-39.33484,Feira de Santana,65,29.31420993
-12.1997775,-39.33484,Feira de Santana,70,29.22810299
-12.1997775,-39.33484,Feira de Santana,75,29.14010358
-12.1997775,-39.33484,Feira de Santana,80,29.05021172
-12.1997775,-39.33484,Feira de Santana,85,28.96031986
-12.1997775,-39.33484,Feira de Santana,90,28.87042799
-12.1997775,-39.33484,Feira de Santana,95,28.78337482
-12.1997775,-39.33484,Feira de Santana,100,28.69916034
-12.1997775,-39.33484,Feira de Santana,105,28.61778454
-12.1997775,-39.33484,Feira de Santana,110,28.5411399
-12.1997775,-39.33484,Feira de Santana,115,28.47111887
-12.1997775,-39.33484,Feira de Santana,120,28.40677522
-12.1997775,-39.33484,Feira de Santana,125,28.35000141
-12.1997775,-39.33484,Feira de Santana,130,28.29795875
-12.1997775,-39.33484,Feira de Santana,135,28.25159348
-12.1997775,-39.33484,Feira de Santana,140,28.21279804
-12.1997775,-39.33484,Feira de Santana,145,28.18157245
-12.1997775,-39.33484,Feira de Santana,150,28.15697046
-12.1997775,-39.33484,Feira de Santana,155,28.13899209
-12.1997775,-39.33484,Feira de Santana,160,28.12763733
-12.1997775,-39.33484,Feira de Santana,165,28.12290618
-12.1997775,-39.33484,Feira de Santana,170,28.12195995
-12.1997775,-39.33484,Feira de Santana,175,28.12479864
-12.1997775,-39.33484,Feira de Santana,180,28.13520717
-27.571313,-48.75116,Florianopolis,0,27.932
-27.571313,-48.75116,Florianopolis,5,27.91127753
-27.571313,-48.75116,Florianopolis,10,27.87360032
-27.571313,-48.75116,Florianopolis,15,27.81896837
-27.571313,-48.75116,Florianopolis,20,27.74643974
-27.571313,-48.75116,Florianopolis,25,27.65884022
-27.571313,-48.75116,Florianopolis,30,27.55334403
-27.571313,-48.75116,Florianopolis,35,27.4308931
-27.571313,-48.75116,Florianopolis,40,27.29054549
-27.571313,-48.75116,Florianopolis,45,27.13889472
-27.571313,-48.75116,Florianopolis,50,26.97782464
-27.571313,-48.75116,Florianopolis,55,26.80733527
-27.571313,-48.75116,Florianopolis,60,26.62648466
-27.571313,-48.75116,Florianopolis,65,26.43244702
-27.571313,-48.75116,Florianopolis,70,26.22899009
-27.571313,-48.75116,Florianopolis,75,26.01988157
-27.571313,-48.75116,Florianopolis,80,25.8060634
-27.571313,-48.75116,Florianopolis,85,25.5913033
-27.571313,-48.75116,Florianopolis,90,25.3765432
-27.571313,-48.75116,Florianopolis,95,25.1617831
-27.571313,-48.75116,Florianopolis,100,24.94608107
-27.571313,-48.75116,Florianopolis,105,24.7322629
-27.571313,-48.75116,Florianopolis,110,24.52032859
-27.571313,-48.75116,Florianopolis,115,24.31310393
-27.571313,-48.75116,Florianopolis,120,24.11058893
-27.571313,-48.75116,Florianopolis,125,23.91843515
-27.571313,-48.75116,Florianopolis,130,23.73475875
-27.571313,-48.75116,Florianopolis,135,23.56615323
-27.571313,-48.75116,Florianopolis,140,23.41073474
-27.571313,-48.75116,Florianopolis,145,23.2694452
-27.571313,-48.75116,Florianopolis,150,23.14322655
-27.571313,-48.75116,Florianopolis,155,23.03490457
-27.571313,-48.75116,Florianopolis,160,22.94447926
-27.571313,-48.75116,Florianopolis,165,22.87195063
-27.571313,-48.75116,Florianopolis,170,22.82202833
-27.571313,-48.75116,Florianopolis,175,22.79565428
-27.571313,-48.75116,Florianopolis,180,22.79471235
-3.7933031,-38.66004,Fortaleza,0,32.924
-3.7933031,-38.66004,Fortaleza,5,32.900364
-3.7933031,-38.66004,Fortaleza,10,32.87010992
-3.7933031,-38.66004,Fortaleza,15,32.83418321
-3.7933031,-38.66004,Fortaleza,20,32.79542017
-3.7933031,-38.66004,Fortaleza,25,32.75003905
-3.7933031,-38.66004,Fortaleza,30,32.6989853
-3.7933031,-38.66004,Fortaleza,35,32.6422589
-3.7933031,-38.66004,Fortaleza,40,32.58553251
-3.7933031,-38.66004,Fortaleza,45,32.53164243
-3.7933031,-38.66004,Fortaleza,50,32.48531587
-3.7933031,-38.66004,Fortaleza,55,32.44466196
-3.7933031,-38.66004,Fortaleza,60,32.40589892
-3.7933031,-38.66004,Fortaleza,65,32.36240868
-3.7933031,-38.66004,Fortaleza,70,32.31608213
-3.7933031,-38.66004,Fortaleza,75,32.26597381
-3.7933031,-38.66004,Fortaleza,80,32.21492006
-3.7933031,-38.66004,Fortaleza,85,32.1638663
-3.7933031,-38.66004,Fortaleza,90,32.1118671
-3.7933031,-38.66004,Fortaleza,95,32.05986791
-3.7933031,-38.66004,Fortaleza,100,32.00786871
-3.7933031,-38.66004,Fortaleza,105,31.95681496
-3.7933031,-38.66004,Fortaleza,110,31.90859752
-3.7933031,-38.66004,Fortaleza,115,31.8632164
-3.7933031,-38.66004,Fortaleza,120,31.82161705
-3.7933031,-38.66004,Fortaleza,125,31.78569033
-3.7933031,-38.66004,Fortaleza,130,31.75449081
-3.7933031,-38.66004,Fortaleza,135,31.72896393
-3.7933031,-38.66004,Fortaleza,140,31.70721881
-3.7933031,-38.66004,Fortaleza,145,31.6902009
-3.7933031,-38.66004,Fortaleza,150,31.67791018
-3.7933031,-38.66004,Fortaleza,155,31.66940122
-3.7933031,-38.66004,Fortaleza,160,31.66561946
-3.7933031,-38.66004,Fortaleza,165,31.66467402
-3.7933031,-38.66004,Fortaleza,155,31.66940122
-3.7933031,-38.66004,Fortaleza,175,31.67507386
-3.7933031,-38.66004,Fortaleza,180,31.68831002
-25.5253592,-54.569723,Foz do Iguacu,0,31.382
-25.5253592,-54.569723,Foz do Iguacu,5,31.36490586
-25.5253592,-54.569723,Foz do Iguacu,10,31.33166724
-25.5253592,-54.569723,Foz do Iguacu,15,31.27468676
-25.5253592,-54.569723,Foz do Iguacu,20,31.19206506
-25.5253592,-54.569723,Foz do Iguacu,25,31.08855052
-25.5253592,-54.569723,Foz do Iguacu,30,30.96984119
-25.5253592,-54.569723,Foz do Iguacu,35,30.8378364
-25.5253592,-54.569723,Foz do Iguacu,40,30.6915865
-25.5253592,-54.569723,Foz do Iguacu,45,30.52919213
-25.5253592,-54.569723,Foz do Iguacu,50,30.35160297
-25.5253592,-54.569723,Foz do Iguacu,55,30.158819
-25.5253592,-54.569723,Foz do Iguacu,60,29.95463895
-25.5253592,-54.569723,Foz do Iguacu,65,29.74286149
-25.5253592,-54.569723,Foz do Iguacu,70,29.52728534
-25.5253592,-54.569723,Foz do Iguacu,75,29.30791049
-25.5253592,-54.569723,Foz do Iguacu,80,29.08378726
-25.5253592,-54.569723,Foz do Iguacu,85,28.85776468
-25.5253592,-54.569723,Foz do Iguacu,90,28.62984276
-25.5253592,-54.569723,Foz do Iguacu,95,28.40097116
-25.5253592,-54.569723,Foz do Iguacu,100,28.17304924
-25.5253592,-54.569723,Foz do Iguacu,105,27.94892601
-25.5253592,-54.569723,Foz do Iguacu,110,27.72955116
-25.5253592,-54.569723,Foz do Iguacu,115,27.5177737
-25.5253592,-54.569723,Foz do Iguacu,120,27.31264397
-25.5253592,-54.569723,Foz do Iguacu,125,27.11701099
-25.5253592,-54.569723,Foz do Iguacu,130,26.93087475
-25.5253592,-54.569723,Foz do Iguacu,135,26.7561346
-25.5253592,-54.569723,Foz do Iguacu,140,26.59753893
-25.5253592,-54.569723,Foz do Iguacu,145,26.45888643
-25.5253592,-54.569723,Foz do Iguacu,150,26.34017709
-25.5253592,-54.569723,Foz do Iguacu,155,26.24046125
-25.5253592,-54.569723,Foz do Iguacu,160,26.16068858
-25.5253592,-54.569723,Foz do Iguacu,165,26.09895972
-25.5253592,-54.569723,Foz do Iguacu,170,26.05622436
-25.5253592,-54.569723,Foz do Iguacu,175,26.03533152
-25.5253592,-54.569723,Foz do Iguacu,180,26.03628119
-23.3918911,-46.59336,Guarulhos,0,25.733
-23.3918911,-46.59336,Guarulhos,5,25.71406266
-23.3918911,-46.59336,Guarulhos,10,25.67902859
-23.3918911,-46.59336,Guarulhos,15,25.62789778
-23.3918911,-46.59336,Guarulhos,20,25.56256397
-23.3918911,-46.59336,Guarulhos,25,25.48113342
-23.3918911,-46.59336,Guarulhos,30,25.3873936
-23.3918911,-46.59336,Guarulhos,35,25.27945079
-23.3918911,-46.59336,Guarulhos,40,25.1563581
-23.3918911,-46.59336,Guarulhos,45,25.02190301
-23.3918911,-46.59336,Guarulhos,50,24.87987298
-23.3918911,-46.59336,Guarulhos,55,24.73594922
-23.3918911,-46.59336,Guarulhos,60,24.588238
-23.3918911,-46.59336,Guarulhos,65,24.43579243
-23.3918911,-46.59336,Guarulhos,70,24.27766567
-23.3918911,-46.59336,Guarulhos,75,24.11101711
-23.3918911,-46.59336,Guarulhos,80,23.93868735
-23.3918911,-46.59336,Guarulhos,85,23.76257011
-23.3918911,-46.59336,Guarulhos,90,23.58455915
-23.3918911,-46.59336,Guarulhos,95,23.40560132
-23.3918911,-46.59336,Guarulhos,100,23.22948409
-23.3918911,-46.59336,Guarulhos,105,23.05526059
-23.3918911,-46.59336,Guarulhos,110,22.88482456
-23.3918911,-46.59336,Guarulhos,115,22.71912286
-23.3918911,-46.59336,Guarulhos,120,22.56004923
-23.3918911,-46.59336,Guarulhos,125,22.40949741
-23.3918911,-46.59336,Guarulhos,130,22.26936111
-23.3918911,-46.59336,Guarulhos,135,22.13964036
-23.3918911,-46.59336,Guarulhos,140,22.02033514
-23.3918911,-46.59336,Guarulhos,145,21.91333918
-23.3918911,-46.59336,Guarulhos,150,21.8186525
-23.3918911,-46.59336,Guarulhos,155,21.73816882
-23.3918911,-46.59336,Guarulhos,160,21.67283501
-23.3918911,-46.59336,Guarulhos,165,21.62265107
-23.3918911,-46.59336,Guarulhos,170,21.58761699
-23.3918911,-46.59336,Guarulhos,175,21.56773279
-23.3918911,-46.59336,Guarulhos,180,21.56489219
-5.5194506,-47.54796,Imperatriz,0,30.836
-5.5194506,-47.54796,Imperatriz,5,30.83694357
-5.5194506,-47.54796,Imperatriz,10,30.82845141
-5.5194506,-47.54796,Imperatriz,15,30.80957993
-5.5194506,-47.54796,Imperatriz,20,30.77938556
-5.5194506,-47.54796,Imperatriz,25,30.73881187
-5.5194506,-47.54796,Imperatriz,30,30.6869153
-5.5194506,-47.54796,Imperatriz,35,30.62747013
-5.5194506,-47.54796,Imperatriz,40,30.56236353
-5.5194506,-47.54796,Imperatriz,45,30.4906519
-5.5194506,-47.54796,Imperatriz,50,30.41139168
-5.5194506,-47.54796,Imperatriz,55,30.32835716
-5.5194506,-47.54796,Imperatriz,60,30.24154835
-5.5194506,-47.54796,Imperatriz,65,30.15662668
-5.5194506,-47.54796,Imperatriz,70,30.07359217
-5.5194506,-47.54796,Imperatriz,75,29.99433195
-5.5194506,-47.54796,Imperatriz,80,29.91507173
-5.5194506,-47.54796,Imperatriz,85,29.83392436
-5.5194506,-47.54796,Imperatriz,90,29.74994627
-5.5194506,-47.54796,Imperatriz,95,29.66408103
-5.5194506,-47.54796,Imperatriz,100,29.57632864
-5.5194506,-47.54796,Imperatriz,105,29.48857625
-5.5194506,-47.54796,Imperatriz,110,29.39799315
-5.5194506,-47.54796,Imperatriz,115,29.30741004
-5.5194506,-47.54796,Imperatriz,120,29.2177705
-5.5194506,-47.54796,Imperatriz,125,29.13001812
-5.5194506,-47.54796,Imperatriz,130,29.04604002
-5.5194506,-47.54796,Imperatriz,135,28.9667798
-5.5194506,-47.54796,Imperatriz,140,28.89601175
-5.5194506,-47.54796,Imperatriz,145,28.83279229
-5.5194506,-47.54796,Imperatriz,150,28.77806499
-5.5194506,-47.54796,Imperatriz,155,28.73182987
-5.5194506,-47.54796,Imperatriz,160,28.69314333
-5.5194506,-47.54796,Imperatriz,165,28.66294896
-5.5194506,-47.54796,Imperatriz,170,28.64407748
-5.5194506,-47.54796,Imperatriz,175,28.63558531
-5.5194506,-47.54796,Imperatriz,180,28.63652889
-18.3992961,-49.2667735,Itumbiara,0,34.755
-18.3992961,-49.2667735,Itumbiara,5,34.71089589
-18.3992961,-49.2667735,Itumbiara,10,34.64473972
-18.3992961,-49.2667735,Itumbiara,15,34.55653149
-18.3992961,-49.2667735,Itumbiara,20,34.44818878
-18.3992961,-49.2667735,Itumbiara,25,34.31971158
-18.3992961,-49.2667735,Itumbiara,30,34.16918232
-18.3992961,-49.2667735,Itumbiara,35,33.99660101
-18.3992961,-49.2667735,Itumbiara,40,33.80772035
-18.3992961,-49.2667735,Itumbiara,45,33.61021063
-18.3992961,-49.2667735,Itumbiara,50,33.41557726
-18.3992961,-49.2667735,Itumbiara,55,33.22286146
-18.3992961,-49.2667735,Itumbiara,60,33.02631052
-18.3992961,-49.2667735,Itumbiara,65,32.81921294
-18.3992961,-49.2667735,Itumbiara,70,32.60156873
-18.3992961,-49.2667735,Itumbiara,75,32.3724191
-18.3992961,-49.2667735,Itumbiara,80,32.13272283
-18.3992961,-49.2667735,Itumbiara,85,31.88631507
-18.3992961,-49.2667735,Itumbiara,90,31.63511338
-18.3992961,-49.2667735,Itumbiara,95,31.38295291
-18.3992961,-49.2667735,Itumbiara,100,31.13271001
-18.3992961,-49.2667735,Itumbiara,105,30.88630224
-18.3992961,-49.2667735,Itumbiara,110,30.64372962
-18.3992961,-49.2667735,Itumbiara,115,30.40882728
-18.3992961,-49.2667735,Itumbiara,120,30.18063643
-18.3992961,-49.2667735,Itumbiara,125,29.96203344
-18.3992961,-49.2667735,Itumbiara,130,29.75589465
-18.3992961,-49.2667735,Itumbiara,135,29.56413763
-18.3992961,-49.2667735,Itumbiara,140,29.3925151
-18.3992961,-49.2667735,Itumbiara,145,29.24294463
-18.3992961,-49.2667735,Itumbiara,150,29.116385
-18.3992961,-49.2667735,Itumbiara,155,29.01283622
-18.3992961,-49.2667735,Itumbiara,160,28.93133949
-18.3992961,-49.2667735,Itumbiara,165,28.8728536
-18.3992961,-49.2667735,Itumbiara,170,28.83546098
-18.3992961,-49.2667735,Itumbiara,175,28.81820285
-18.3992961,-49.2667735,Itumbiara,180,28.82683191
-21.7289999,-43.522609,Juiz de Fora,0,28.197
-21.7289999,-43.522609,Juiz de Fora,5,28.19127511
-21.7289999,-43.522609,Juiz de Fora,10,28.16646724
-21.7289999,-43.522609,Juiz de Fora,15,28.12353056
-21.7289999,-43.522609,Juiz de Fora,20,28.06532749
-21.7289999,-43.522609,Juiz de Fora,25,27.99472049
-21.7289999,-43.522609,Juiz de Fora,30,27.90789297
-21.7289999,-43.522609,Juiz de Fora,35,27.80770736
-21.7289999,-43.522609,Juiz de Fora,40,27.69416368
-21.7289999,-43.522609,Juiz de Fora,45,27.56630776
-21.7289999,-43.522609,Juiz de Fora,50,27.42413962
-21.7289999,-43.522609,Juiz de Fora,55,27.27052169
-21.7289999,-43.522609,Juiz de Fora,60,27.10927057
-21.7289999,-43.522609,Juiz de Fora,65,26.94420286
-21.7289999,-43.522609,Juiz de Fora,70,26.77531856
-21.7289999,-43.522609,Juiz de Fora,75,26.60166351
-21.7289999,-43.522609,Juiz de Fora,80,26.42228357
-21.7289999,-43.522609,Juiz de Fora,85,26.23908703
-21.7289999,-43.522609,Juiz de Fora,90,26.05111976
-21.7289999,-43.522609,Juiz de Fora,95,25.85838173
-21.7289999,-43.522609,Juiz de Fora,100,25.66373542
-21.7289999,-43.522609,Juiz de Fora,105,25.4690891
-21.7289999,-43.522609,Juiz de Fora,110,25.27730522
-21.7289999,-43.522609,Juiz de Fora,115,25.08933795
-21.7289999,-43.522609,Juiz de Fora,120,24.90900386
-21.7289999,-43.522609,Juiz de Fora,125,24.73630296
-21.7289999,-43.522609,Juiz de Fora,130,24.57314354
-21.7289999,-43.522609,Juiz de Fora,135,24.42047976
-21.7289999,-43.522609,Juiz de Fora,140,24.27831162
-21.7289999,-43.522609,Juiz de Fora,145,24.14759326
-21.7289999,-43.522609,Juiz de Fora,150,24.02832468
-21.7289999,-43.522609,Juiz de Fora,155,23.92336833
-21.7289999,-43.522609,Juiz de Fora,160,23.83272421
-21.7289999,-43.522609,Juiz de Fora,165,23.75925477
-21.7289999,-43.522609,Juiz de Fora,170,23.70391415
-21.7289999,-43.522609,Juiz de Fora,175,23.67051895
-21.7289999,-43.522609,Juiz de Fora,180,23.65811502
-3.044653,-60.107193,Manaus,0,29.11
-3.044653,-60.107193,Manaus,5,29.10247171
-3.044653,-60.107193,Manaus,10,29.09117928
-3.044653,-60.107193,Manaus,15,29.07706375
-3.044653,-60.107193,Manaus,20,29.05824303
-3.044653,-60.107193,Manaus,25,29.03471714
-3.044653,-60.107193,Manaus,30,29.00648607
-3.044653,-60.107193,Manaus,35,28.97354982
-3.044653,-60.107193,Manaus,40,28.93779046
-3.044653,-60.107193,Manaus,45,28.89826696
-3.044653,-60.107193,Manaus,50,28.85592035
-3.044653,-60.107193,Manaus,55,28.81169167
-3.044653,-60.107193,Manaus,60,28.76463988
-3.044653,-60.107193,Manaus,65,28.71476498
-3.044653,-60.107193,Manaus,70,28.66394905
-3.044653,-60.107193,Manaus,75,28.61407416
-3.044653,-60.107193,Manaus,80,28.56796341
-3.044653,-60.107193,Manaus,85,28.52467576
-3.044653,-60.107193,Manaus,90,28.48327019
-3.044653,-60.107193,Manaus,95,28.44468772
-3.044653,-60.107193,Manaus,100,28.40610526
-3.044653,-60.107193,Manaus,105,28.36752279
-3.044653,-60.107193,Manaus,110,28.32988136
-3.044653,-60.107193,Manaus,115,28.294122
-3.044653,-60.107193,Manaus,120,28.25930368
-3.044653,-60.107193,Manaus,125,28.22542639
-3.044653,-60.107193,Manaus,130,28.19249014
-3.044653,-60.107193,Manaus,135,28.16425907
-3.044653,-60.107193,Manaus,140,28.14261525
-3.044653,-60.107193,Manaus,145,28.12661764
-3.044653,-60.107193,Manaus,150,28.11626624
-3.044653,-60.107193,Manaus,155,28.11062003
-3.044653,-60.107193,Manaus,160,28.10779692
-3.044653,-60.107193,Manaus,165,28.10873796
-3.044653,-60.107193,Manaus,170,28.1125021
-3.044653,-60.107193,Manaus,175,28.11720728
-3.044653,-60.107193,Manaus,180,28.1256766
-16.7280803,-43.921123,Montes Claros,0,33.565
-16.7280803,-43.921123,Montes Claros,5,33.5505775
-16.7280803,-43.921123,Montes Claros,10,33.5178865
-16.7280803,-43.921123,Montes Claros,15,33.46596551
-16.7280803,-43.921123,Montes Claros,20,33.39673752
-16.7280803,-43.921123,Montes Claros,25,33.31212553
-16.7280803,-43.921123,Montes Claros,30,33.21309104
-16.7280803,-43.921123,Montes Claros,35,33.10059555
-16.7280803,-43.921123,Montes Claros,40,32.97463906
-16.7280803,-43.921123,Montes Claros,45,32.83233708
-16.7280803,-43.921123,Montes Claros,50,32.67368959
-16.7280803,-43.921123,Montes Claros,55,32.50158111
-16.7280803,-43.921123,Montes Claros,60,32.32178063
-16.7280803,-43.921123,Montes Claros,65,32.13909565
-16.7280803,-43.921123,Montes Claros,70,31.96025667
-16.7280803,-43.921123,Montes Claros,75,31.78045619
-16.7280803,-43.921123,Montes Claros,80,31.59777121
-16.7280803,-43.921123,Montes Claros,85,31.40931722
-16.7280803,-43.921123,Montes Claros,90,31.21701724
-16.7280803,-43.921123,Montes Claros,95,31.02183277
-16.7280803,-43.921123,Montes Claros,100,30.82184079
-16.7280803,-43.921123,Montes Claros,105,30.61607981
-16.7280803,-43.921123,Montes Claros,110,30.41416483
-16.7280803,-43.921123,Montes Claros,115,30.21417285
-16.7280803,-43.921123,Montes Claros,120,30.02187287
-16.7280803,-43.921123,Montes Claros,125,29.84014939
-16.7280803,-43.921123,Montes Claros,130,29.66996391
-16.7280803,-43.921123,Montes Claros,135,29.51323942
-16.7280803,-43.921123,Montes Claros,140,29.36997594
-16.7280803,-43.921123,Montes Claros,145,29.24209645
-16.7280803,-43.921123,Montes Claros,150,29.12767796
-16.7280803,-43.921123,Montes Claros,155,29.02864347
-16.7280803,-43.921123,Montes Claros,160,28.94691598
-16.7280803,-43.921123,Montes Claros,165,28.88153399
-16.7280803,-43.921123,Montes Claros,170,28.83442049
-16.7280803,-43.921123,Montes Claros,175,28.8094215
-16.7280803,-43.921123,Montes Claros,180,28.8055755
-5.7999146,-35.292285,Natal,0,33.185
-5.7999146,-35.292285,Natal,5,33.19350316
-5.7999146,-35.292285,Natal,10,33.19066877
-5.7999146,-35.292285,Natal,15,33.17838643
-5.7999146,-35.292285,Natal,20,33.15571134
-5.7999146,-35.292285,Natal,25,33.12547788
-5.7999146,-35.292285,Natal,30,33.09052044
-5.7999146,-35.292285,Natal,35,33.05178382
-5.7999146,-35.292285,Natal,40,33.00832323
-5.7999146,-35.292285,Natal,45,32.95730426
-5.7999146,-35.292285,Natal,50,32.90345092
-5.7999146,-35.292285,Natal,55,32.85054236
-5.7999146,-35.292285,Natal,60,32.80235779
-5.7999146,-35.292285,Natal,65,32.7570076
-5.7999146,-35.292285,Natal,70,32.71165741
-5.7999146,-35.292285,Natal,75,32.66252804
-5.7999146,-35.292285,Natal,80,32.60961949
-5.7999146,-35.292285,Natal,85,32.55387655
-5.7999146,-35.292285,Natal,90,32.49529923
-5.7999146,-35.292285,Natal,95,32.43483231
-5.7999146,-35.292285,Natal,100,32.37436539
-5.7999146,-35.292285,Natal,105,32.31389847
-5.7999146,-35.292285,Natal,110,32.25532115
-5.7999146,-35.292285,Natal,115,32.19674382
-5.7999146,-35.292285,Natal,120,32.14194568
-5.7999146,-35.292285,Natal,125,32.08903713
-5.7999146,-35.292285,Natal,130,32.03896296
-5.7999146,-35.292285,Natal,135,31.99266798
-5.7999146,-35.292285,Natal,140,31.95109697
-5.7999146,-35.292285,Natal,145,31.91424994
-5.7999146,-35.292285,Natal,150,31.88212689
-5.7999146,-35.292285,Natal,155,31.85472782
-5.7999146,-35.292285,Natal,160,31.83110793
-5.7999146,-35.292285,Natal,165,31.80937763
-5.7999146,-35.292285,Natal,170,31.79048172
-5.7999146,-35.292285,Natal,175,31.77819938
-5.7999146,-35.292285,Natal,180,31.77536499
-30.1087957,-51.317229,Porto Alegre,0,31.045
-30.1087957,-51.317229,Porto Alegre,5,31.02984778
-30.1087957,-51.317229,Porto Alegre,10,30.99291425
-30.1087957,-51.317229,Porto Alegre,15,30.93419941
-30.1087957,-51.317229,Porto Alegre,20,30.85370325
-30.1087957,-51.317229,Porto Alegre,25,30.7523728
-30.1087957,-51.317229,Porto Alegre,30,30.62831401
-30.1087957,-51.317229,Porto Alegre,35,30.48247392
-30.1087957,-51.317229,Porto Alegre,40,30.31958758
-30.1087957,-51.317229,Porto Alegre,45,30.14344305
-30.1087957,-51.317229,Porto Alegre,50,29.9521463
-30.1087957,-51.317229,Porto Alegre,55,29.74475032
-30.1087957,-51.317229,Porto Alegre,60,29.52125511
-30.1087957,-51.317229,Porto Alegre,65,29.28734275
-30.1087957,-51.317229,Porto Alegre,70,29.04585428
-30.1087957,-51.317229,Porto Alegre,75,28.79868373
-30.1087957,-51.317229,Porto Alegre,80,28.54677811
-30.1087957,-51.317229,Porto Alegre,85,28.29013742
-30.1087957,-51.317229,Porto Alegre,90,28.02970868
-30.1087957,-51.317229,Porto Alegre,95,27.7664389
-30.1087957,-51.317229,Porto Alegre,100,27.50411613
-30.1087957,-51.317229,Porto Alegre,105,27.24274038
-30.1087957,-51.317229,Porto Alegre,110,26.98515268
-30.1087957,-51.317229,Porto Alegre,115,26.73230004
-30.1087957,-51.317229,Porto Alegre,120,26.48607651
-30.1087957,-51.317229,Porto Alegre,125,26.2493231
-30.1087957,-51.317229,Porto Alegre,130,26.02677491
-30.1087957,-51.317229,Porto Alegre,135,25.82032594
-30.1087957,-51.317229,Porto Alegre,140,25.63281725
-30.1087957,-51.317229,Porto Alegre,145,25.46519584
-30.1087957,-51.317229,Porto Alegre,150,25.31746172
-30.1087957,-51.317229,Porto Alegre,155,25.19056189
-30.1087957,-51.317229,Porto Alegre,160,25.08354936
-30.1087957,-51.317229,Porto Alegre,165,24.99737112
-30.1087957,-51.317229,Porto Alegre,170,24.93297419
-30.1087957,-51.317229,Porto Alegre,175,24.89604066
-30.1087957,-51.317229,Porto Alegre,180,24.88751754
-8.0432875,-35.0743061,Recife,0,33.996
-8.0432875,-35.0743061,Recife,5,34.00262764
-8.0432875,-35.0743061,Recife,10,34.00073403
-8.0432875,-35.0743061,Recife,15,33.98842556
-8.0432875,-35.0743061,Recife,20,33.96475542
-8.0432875,-35.0743061,Recife,25,33.92972361
-8.0432875,-35.0743061,Recife,30,33.88806417
-8.0432875,-35.0743061,Recife,35,33.83883028
-8.0432875,-35.0743061,Recife,40,33.78486236
-8.0432875,-35.0743061,Recife,45,33.72426681
-8.0432875,-35.0743061,Recife,50,33.65799042
-8.0432875,-35.0743061,Recife,55,33.59266084
-8.0432875,-35.0743061,Recife,60,33.53206528
-8.0432875,-35.0743061,Recife,65,33.47431014
-8.0432875,-35.0743061,Recife,70,33.41466139
-8.0432875,-35.0743061,Recife,75,33.35122542
-8.0432875,-35.0743061,Recife,80,33.28305542
-8.0432875,-35.0743061,Recife,85,33.2110982
-8.0432875,-35.0743061,Recife,90,33.13819417
-8.0432875,-35.0743061,Recife,95,33.06434334
-8.0432875,-35.0743061,Recife,100,32.99049251
-8.0432875,-35.0743061,Recife,105,32.91853529
-8.0432875,-35.0743061,Recife,110,32.84752487
-8.0432875,-35.0743061,Recife,115,32.78030168
-8.0432875,-35.0743061,Recife,120,32.71497209
-8.0432875,-35.0743061,Recife,125,32.65153612
-8.0432875,-35.0743061,Recife,130,32.59188737
-8.0432875,-35.0743061,Recife,135,32.53507904
-8.0432875,-35.0743061,Recife,140,32.48300473
-8.0432875,-35.0743061,Recife,145,32.43755807
-8.0432875,-35.0743061,Recife,150,32.39968585
-8.0432875,-35.0743061,Recife,155,32.36844126
-8.0432875,-35.0743061,Recife,160,32.34193071
-8.0432875,-35.0743061,Recife,165,32.31731376
-8.0432875,-35.0743061,Recife,170,32.29837765
-8.0432875,-35.0743061,Recife,175,32.28796279
-8.0432875,-35.0743061,Recife,180,32.28417557
-22.913885,-43.72618,Rio de Janeiro,0,29.875
-22.913885,-43.72618,Rio de Janeiro,5,29.85798636
-22.913885,-43.72618,Rio de Janeiro,10,29.81734268
-22.913885,-43.72618,Rio de Janeiro,15,29.75779495
-22.913885,-43.72618,Rio de Janeiro,20,29.68217879
-22.913885,-43.72618,Rio de Janeiro,25,29.5914394
-22.913885,-43.72618,Rio de Janeiro,30,29.48368637
-22.913885,-43.72618,Rio de Janeiro,35,29.36081011
-22.913885,-43.72618,Rio de Janeiro,40,29.22375581
-22.913885,-43.72618,Rio de Janeiro,45,29.07252349
-22.913885,-43.72618,Rio de Janeiro,50,28.90522274
-22.913885,-43.72618,Rio de Janeiro,55,28.72657956
-22.913885,-43.72618,Rio de Janeiro,60,28.54037476
-22.913885,-43.72618,Rio de Janeiro,65,28.35038915
-22.913885,-43.72618,Rio de Janeiro,70,28.15567754
-22.913885,-43.72618,Rio de Janeiro,75,27.95434951
-22.913885,-43.72618,Rio de Janeiro,80,27.74829547
-22.913885,-43.72618,Rio de Janeiro,85,27.53846063
-22.913885,-43.72618,Rio de Janeiro,90,27.32484497
-22.913885,-43.72618,Rio de Janeiro,95,27.10933891
-22.913885,-43.72618,Rio de Janeiro,100,26.89383285
-22.913885,-43.72618,Rio de Janeiro,105,26.6811624
-22.913885,-43.72618,Rio de Janeiro,110,26.47416316
-22.913885,-43.72618,Rio de Janeiro,115,26.27472554
-22.913885,-43.72618,Rio de Janeiro,120,26.08284953
-22.913885,-43.72618,Rio de Janeiro,125,25.90137074
-22.913885,-43.72618,Rio de Janeiro,130,25.73028918
-22.913885,-43.72618,Rio de Janeiro,135,25.57149524
-22.913885,-43.72618,Rio de Janeiro,140,25.42498893
-22.913885,-43.72618,Rio de Janeiro,145,25.29171544
-22.913885,-43.72618,Rio de Janeiro,150,25.17356519
-22.913885,-43.72618,Rio de Janeiro,155,25.07148337
-22.913885,-43.72618,Rio de Janeiro,160,24.98641519
-22.913885,-43.72618,Rio de Janeiro,165,24.92025105
-22.913885,-43.72618,Rio de Janeiro,170,24.87582656
-22.913885,-43.72618,Rio de Janeiro,175,24.85408691
-22.913885,-43.72618,Rio de Janeiro,180,24.85597732
-2.5606303,-44.328163,Sao Luis,0,29.77
-2.5606303,-44.328163,Sao Luis,5,29.74363987
-2.5606303,-44.328163,Sao Luis,10,29.71351401
-2.5606303,-44.328163,Sao Luis,15,29.68150528
-2.5606303,-44.328163,Sao Luis,20,29.64667225
-2.5606303,-44.328163,Sao Luis,25,29.60995636
-2.5606303,-44.328163,Sao Luis,30,29.57229903
-2.5606303,-44.328163,Sao Luis,35,29.53370027
-2.5606303,-44.328163,Sao Luis,40,29.49416008
-2.5606303,-44.328163,Sao Luis,45,29.45367845
-2.5606303,-44.328163,Sao Luis,50,29.41131396
-2.5606303,-44.328163,Sao Luis,55,29.36894947
-2.5606303,-44.328163,Sao Luis,60,29.32470211
-2.5606303,-44.328163,Sao Luis,65,29.27951331
-2.5606303,-44.328163,Sao Luis,70,29.23338309
-2.5606303,-44.328163,Sao Luis,75,29.1881943
-2.5606303,-44.328163,Sao Luis,80,29.14771267
-2.5606303,-44.328163,Sao Luis,85,29.11005534
-2.5606303,-44.328163,Sao Luis,90,29.07804661
-2.5606303,-44.328163,Sao Luis,95,29.04980362
-2.5606303,-44.328163,Sao Luis,100,29.02532636
-2.5606303,-44.328163,Sao Luis,105,29.00179053
-2.5606303,-44.328163,Sao Luis,110,28.97919613
-2.5606303,-44.328163,Sao Luis,115,28.95754317
-2.5606303,-44.328163,Sao Luis,120,28.93683164
-2.5606303,-44.328163,Sao Luis,125,28.91800297
-2.5606303,-44.328163,Sao Luis,130,28.90105718
-2.5606303,-44.328163,Sao Luis,135,28.88975998
-2.5606303,-44.328163,Sao Luis,140,28.88411138
-2.5606303,-44.328163,Sao Luis,145,28.88599424
-2.5606303,-44.328163,Sao Luis,150,28.89352571
-2.5606303,-44.328163,Sao Luis,155,28.90482291
-2.5606303,-44.328163,Sao Luis,160,28.91894441
-2.5606303,-44.328163,Sao Luis,165,28.93494877
-2.5606303,-44.328163,Sao Luis,170,28.952836
-2.5606303,-44.328163,Sao Luis,175,28.9726061
-2.5606303,-44.328163,Sao Luis,180,28.99331763
-23.6821604,-46.8755,Sao Paulo,0,25.769
-23.6821604,-46.8755,Sao Paulo,5,25.75387624
-23.6821604,-46.8755,Sao Paulo,10,25.72268348
-23.6821604,-46.8755,Sao Paulo,15,25.67636696
-23.6821604,-46.8755,Sao Paulo,20,25.61398144
-23.6821604,-46.8755,Sao Paulo,25,25.53647216
-23.6821604,-46.8755,Sao Paulo,30,25.44478435
-23.6821604,-46.8755,Sao Paulo,35,25.33891802
-23.6821604,-46.8755,Sao Paulo,40,25.21792792
-23.6821604,-46.8755,Sao Paulo,45,25.08654024
-23.6821604,-46.8755,Sao Paulo,50,24.94853591
-23.6821604,-46.8755,Sao Paulo,55,24.80769588
-23.6821604,-46.8755,Sao Paulo,60,24.6630749
-23.6821604,-46.8755,Sao Paulo,65,24.51372775
-23.6821604,-46.8755,Sao Paulo,70,24.35776396
-23.6821604,-46.8755,Sao Paulo,75,24.19423828
-23.6821604,-46.8755,Sao Paulo,80,24.02315072
-23.6821604,-46.8755,Sao Paulo,85,23.84733699
-23.6821604,-46.8755,Sao Paulo,90,23.66774232
-23.6821604,-46.8755,Sao Paulo,95,23.48625717
-23.6821604,-46.8755,Sao Paulo,100,23.30571726
-23.6821604,-46.8755,Sao Paulo,105,23.12612259
-23.6821604,-46.8755,Sao Paulo,110,22.95030885
-23.6821604,-46.8755,Sao Paulo,115,22.7792213
-23.6821604,-46.8755,Sao Paulo,120,22.61475039
-23.6821604,-46.8755,Sao Paulo,125,22.45784135
-23.6821604,-46.8755,Sao Paulo,130,22.31038467
-23.6821604,-46.8755,Sao Paulo,135,22.17521605
-23.6821604,-46.8755,Sao Paulo,140,22.05139025
-23.6821604,-46.8755,Sao Paulo,145,21.93985251
-23.6821604,-46.8755,Sao Paulo,150,21.83965758
-23.6821604,-46.8755,Sao Paulo,155,21.75553166
-23.6821604,-46.8755,Sao Paulo,160,21.68652949
-23.6821604,-46.8755,Sao Paulo,165,21.63076062
-23.6821604,-46.8755,Sao Paulo,170,21.59106074
-23.6821604,-46.8755,Sao Paulo,175,21.56932034
-23.6821604,-46.8755,Sao Paulo,180,21.5655394
-11.8707568,-55.5764215,Sinop,0,31.466
-11.8707568,-55.5764215,Sinop,5,31.44419075
-11.8707568,-55.5764215,Sinop,10,31.40626163
-11.8707568,-55.5764215,Sinop,15,31.35505732
-11.8707568,-55.5764215,Sinop,20,31.29342249
-11.8707568,-55.5764215,Sinop,25,31.22135716
-11.8707568,-55.5764215,Sinop,30,31.13886132
-11.8707568,-55.5764215,Sinop,35,31.04877965
-11.8707568,-55.5764215,Sinop,40,30.9558533
-11.8707568,-55.5764215,Sinop,45,30.85723758
-11.8707568,-55.5764215,Sinop,50,30.75008781
-11.8707568,-55.5764215,Sinop,55,30.63345576
-11.8707568,-55.5764215,Sinop,60,30.50828966
-11.8707568,-55.5764215,Sinop,65,30.3745895
-11.8707568,-55.5764215,Sinop,70,30.23330352
-11.8707568,-55.5764215,Sinop,75,30.08632817
-11.8707568,-55.5764215,Sinop,80,29.93650814
-11.8707568,-55.5764215,Sinop,85,29.78479165
-11.8707568,-55.5764215,Sinop,90,29.63497161
-11.8707568,-55.5764215,Sinop,95,29.48420335
-11.8707568,-55.5764215,Sinop,100,29.33438332
-11.8707568,-55.5764215,Sinop,105,29.18361506
-11.8707568,-55.5764215,Sinop,110,29.03569148
-11.8707568,-55.5764215,Sinop,115,28.89156081
-11.8707568,-55.5764215,Sinop,120,28.75217129
-11.8707568,-55.5764215,Sinop,125,28.62131581
-11.8707568,-55.5764215,Sinop,130,28.49899439
-11.8707568,-55.5764215,Sinop,135,28.38520703
-11.8707568,-55.5764215,Sinop,140,28.28090194
-11.8707568,-55.5764215,Sinop,145,28.18797559
-11.8707568,-55.5764215,Sinop,150,28.10642798
-11.8707568,-55.5764215,Sinop,155,28.03910378
-11.8707568,-55.5764215,Sinop,160,27.98505479
-11.8707568,-55.5764215,Sinop,165,27.94428098
-11.8707568,-55.5764215,Sinop,170,27.91773059
-11.8707568,-55.5764215,Sinop,175,27.90350717
-11.8707568,-55.5764215,Sinop,175,27.90350717
-20.2821776,-40.355744,Vitoria,0,25.106
-20.2821776,-40.355744,Vitoria,5,25.10277777
-20.2821776,-40.355744,Vitoria,10,25.08263884
-20.2821776,-40.355744,Vitoria,15,25.0455832
-20.2821776,-40.355744,Vitoria,20,24.99483309
-20.2821776,-40.355744,Vitoria,25,24.92958294
-20.2821776,-40.355744,Vitoria,30,24.85627723
-20.2821776,-40.355744,Vitoria,35,24.77411038
-20.2821776,-40.355744,Vitoria,40,24.68147128
-20.2821776,-40.355744,Vitoria,45,24.57755439
-20.2821776,-40.355744,Vitoria,50,24.46235969
-20.2821776,-40.355744,Vitoria,55,24.3374983
-20.2821776,-40.355744,Vitoria,60,24.20135911
-20.2821776,-40.355744,Vitoria,65,24.0579699
-20.2821776,-40.355744,Vitoria,70,23.9089418
-20.2821776,-40.355744,Vitoria,75,23.75669146
-20.2821776,-40.355744,Vitoria,80,23.60283001
-20.2821776,-40.355744,Vitoria,85,23.44735744
-20.2821776,-40.355744,Vitoria,90,23.2894682
-20.2821776,-40.355744,Vitoria,95,23.12996785
-20.2821776,-40.355744,Vitoria,100,22.97127305
-20.2821776,-40.355744,Vitoria,105,22.81257826
-20.2821776,-40.355744,Vitoria,110,22.65791125
-20.2821776,-40.355744,Vitoria,115,22.50566091
-20.2821776,-40.355744,Vitoria,120,22.35985503
-20.2821776,-40.355744,Vitoria,125,22.21968806
-20.2821776,-40.355744,Vitoria,130,22.0867711
-20.2821776,-40.355744,Vitoria,135,21.96271527
-20.2821776,-40.355744,Vitoria,140,21.84752057
-20.2821776,-40.355744,Vitoria,145,21.74279811
-20.2821776,-40.355744,Vitoria,150,21.6485479
-20.2821776,-40.355744,Vitoria,155,21.56799217
-20.2821776,-40.355744,Vitoria,160,21.4995198
-20.2821776,-40.355744,Vitoria,165,21.44554746
-20.2821776,-40.355744,Vitoria,170,21.40849182
-20.2821776,-40.355744,Vitoria,175,21.39157511
-20.2821776,-40.355744,Vitoria,180,21.39318623
-23.5511,-51.4665,Apucarana Central,0,30.149
-23.5511,-51.4665,Apucarana Central,5,30.127
-23.5511,-51.4665,Apucarana Central,10,30.085
-23.5511,-51.4665,Apucarana Central,15,30.03
-23.5511,-51.4665,Apucarana Central,20,29.956
-23.5511,-51.4665,Apucarana Central,25,29.858
-23.5511,-51.4665,Apucarana Central,30,29.74
-23.5511,-51.4665,Apucarana Central,35,29.604
-23.5511,-51.4665,Apucarana Central,40,29.459
-23.5511,-51.4665,Apucarana Central,45,29.308
-23.5511,-51.4665,Apucarana Central,50,29.145
-23.5511,-51.4665,Apucarana Central,55,28.971
-23.5511,-51.4665,Apucarana Central,60,28.783
-23.5511,-51.4665,Apucarana Central,65,28.585
-23.5511,-51.4665,Apucarana Central,70,28.374
-23.5511,-51.4665,Apucarana Central,75,28.155
-23.5511,-51.4665,Apucarana Central,80,27.934
-23.5511,-51.4665,Apucarana Central,85,27.712
-23.5511,-51.4665,Apucarana Central,90,27.487
-23.5511,-51.4665,Apucarana Central,95,27.263
-23.5511,-51.4665,Apucarana Central,100,27.037
-23.5511,-51.4665,Apucarana Central,105,26.815
-23.5511,-51.4665,Apucarana Central,110,26.592
-23.5511,-51.4665,Apucarana Central,115,26.373
-23.5511,-51.4665,Apucarana Central,120,26.16
-23.5511,-51.4665,Apucarana Central,125,25.957
-23.5511,-51.4665,Apucarana Central,130,25.761
-23.5511,-51.4665,Apucarana Central,135,25.579
-23.5511,-51.4665,Apucarana Central,140,25.414
-23.5511,-51.4665,Apucarana Central,145,25.27
-23.5511,-51.4665,Apucarana Central,150,25.145
-23.5511,-51.4665,Apucarana Central,155,25.038
-23.5511,-51.4665,Apucarana Central,160,24.95
-23.5511,-51.4665,Apucarana Central,165,24.882
-23.5511,-51.4665,Apucarana Central,170,24.834
-23.5511,-51.4665,Apucarana Central,175,24.809
-23.5511,-51.4665,Apucarana Central,180,24.808
-23.5477,-46.6105,Brás,0,25.663
-23.5477,-46.6105,Brás,5,25.634
-23.5477,-46.6105,Brás,10,25.587
-23.5477,-46.6105,Brás,15,25.523
-23.5477,-46.6105,Brás,20,25.444
-23.5477,-46.6105,Brás,25,25.355
-23.5477,-46.6105,Brás,30,25.251
-23.5477,-46.6105,Brás,35,25.13
-23.5477,-46.6105,Brás,40,24.998
-23.5477,-46.6105,Brás,45,24.853
-23.5477,-46.6105,Brás,50,24.701
-23.5477,-46.6105,Brás,55,24.547
-23.5477,-46.6105,Brás,60,24.387
-23.5477,-46.6105,Brás,65,24.224
-23.5477,-46.6105,Brás,70,24.056
-23.5477,-46.6105,Brás,75,23.882
-23.5477,-46.6105,Brás,80,23.696
-23.5477,-46.6105,Brás,85,23.51
-23.5477,-46.6105,Brás,90,23.318
-23.5477,-46.6105,Brás,95,23.13
-23.5477,-46.6105,Brás,100,22.94
-23.5477,-46.6105,Brás,105,22.755
-23.5477,-46.6105,Brás,110,22.571
-23.5477,-46.6105,Brás,115,22.395
-23.5477,-46.6105,Brás,120,22.224
-23.5477,-46.6105,Brás,125,22.059
-23.5477,-46.6105,Brás,130,21.907
-23.5477,-46.6105,Brás,135,21.765
-23.5477,-46.6105,Brás,140,21.636
-23.5477,-46.6105,Brás,145,21.52
-23.5477,-46.6105,Brás,150,21.418
-23.5477,-46.6105,Brás,155,21.333
-23.5477,-46.6105,Brás,160,21.266
-23.5477,-46.6105,Brás,165,21.212
-23.5477,-46.6105,Brás,170,21.181
-23.5477,-46.6105,Brás,175,21.168
-23.5477,-46.6105,Brás,180,21.174
-27.0964,-52.6183,Chapecó,0,31.272
-27.0964,-52.6183,Chapecó,5,31.252
-27.0964,-52.6183,Chapecó,10,31.207
-27.0964,-52.6183,Chapecó,15,31.148
-27.0964,-52.6183,Chapecó,20,31.069
-27.0964,-52.6183,Chapecó,25,30.96
-27.0964,-52.6183,Chapecó,30,30.829
-27.0964,-52.6183,Chapecó,35,30.684
-27.0964,-52.6183,Chapecó,40,30.526
-27.0964,-52.6183,Chapecó,45,30.355
-27.0964,-52.6183,Chapecó,50,30.168
-27.0964,-52.6183,Chapecó,55,29.963
-27.0964,-52.6183,Chapecó,60,29.741
-27.0964,-52.6183,Chapecó,65,29.511
-27.0964,-52.6183,Chapecó,70,29.273
-27.0964,-52.6183,Chapecó,75,29.031
-27.0964,-52.6183,Chapecó,80,28.782
-27.0964,-52.6183,Chapecó,85,28.526
-27.0964,-52.6183,Chapecó,90,28.268
-27.0964,-52.6183,Chapecó,95,28.006
-27.0964,-52.6183,Chapecó,100,27.743
-27.0964,-52.6183,Chapecó,105,27.484
-27.0964,-52.6183,Chapecó,110,27.224
-27.0964,-52.6183,Chapecó,115,26.975
-27.0964,-52.6183,Chapecó,120,26.726
-27.0964,-52.6183,Chapecó,125,26.49
-27.0964,-52.6183,Chapecó,130,26.262
-27.0964,-52.6183,Chapecó,135,26.05
-27.0964,-52.6183,Chapecó,140,25.859
-27.0964,-52.6183,Chapecó,145,25.69
-27.0964,-52.6183,Chapecó,150,25.546
-27.0964,-52.6183,Chapecó,155,25.417
-27.0964,-52.6183,Chapecó,160,25.315
-27.0964,-52.6183,Chapecó,165,25.231
-27.0964,-52.6183,Chapecó,170,25.172
-27.0964,-52.6183,Chapecó,175,25.137
-27.0964,-52.6183,Chapecó,180,25.131
-18.5436,-53.1316,Costa Rica Centro,0,32.84
-18.5436,-53.1316,Costa Rica Centro,5,32.82
-18.5436,-53.1316,Costa Rica Centro,10,32.777
-18.5436,-53.1316,Costa Rica Centro,15,32.711
-18.5436,-53.1316,Costa Rica Centro,20,32.624
-18.5436,-53.1316,Costa Rica Centro,25,32.512
-18.5436,-53.1316,Costa Rica Centro,30,32.385
-18.5436,-53.1316,Costa Rica Centro,35,32.242
-18.5436,-53.1316,Costa Rica Centro,40,32.096
-18.5436,-53.1316,Costa Rica Centro,45,31.938
-18.5436,-53.1316,Costa Rica Centro,50,31.769
-18.5436,-53.1316,Costa Rica Centro,55,31.583
-18.5436,-53.1316,Costa Rica Centro,60,31.393
-18.5436,-53.1316,Costa Rica Centro,65,31.181
-18.5436,-53.1316,Costa Rica Centro,70,30.964
-18.5436,-53.1316,Costa Rica Centro,75,30.736
-18.5436,-53.1316,Costa Rica Centro,80,30.505
-18.5436,-53.1316,Costa Rica Centro,85,30.268
-18.5436,-53.1316,Costa Rica Centro,90,30.036
-18.5436,-53.1316,Costa Rica Centro,95,29.802
-18.5436,-53.1316,Costa Rica Centro,100,29.572
-18.5436,-53.1316,Costa Rica Centro,105,29.34
-18.5436,-53.1316,Costa Rica Centro,110,29.114
-18.5436,-53.1316,Costa Rica Centro,115,28.89
-18.5436,-53.1316,Costa Rica Centro,120,28.675
-18.5436,-53.1316,Costa Rica Centro,125,28.467
-18.5436,-53.1316,Costa Rica Centro,130,28.267
-18.5436,-53.1316,Costa Rica Centro,135,28.082
-18.5436,-53.1316,Costa Rica Centro,140,27.91
-18.5436,-53.1316,Costa Rica Centro,145,27.755
-18.5436,-53.1316,Costa Rica Centro,150,27.623
-18.5436,-53.1316,Costa Rica Centro,155,27.512
-18.5436,-53.1316,Costa Rica Centro,160,27.423
-18.5436,-53.1316,Costa Rica Centro,165,27.356
-18.5436,-53.1316,Costa Rica Centro,170,27.317
-18.5436,-53.1316,Costa Rica Centro,175,27.302
-18.5436,-53.1316,Costa Rica Centro,180,27.315
-18.5436,-53.1316,Costa Rica MS,0,32.838
-18.5436,-53.1316,Costa Rica MS,5,32.816
-18.5436,-53.1316,Costa Rica MS,10,32.775
-18.5436,-53.1316,Costa Rica MS,15,32.714
-18.5436,-53.1316,Costa Rica MS,20,32.625
-18.5436,-53.1316,Costa Rica MS,25,32.514
-18.5436,-53.1316,Costa Rica MS,30,32.385
-18.5436,-53.1316,Costa Rica MS,35,32.243
-18.5436,-53.1316,Costa Rica MS,40,32.094
-18.5436,-53.1316,Costa Rica MS,45,31.938
-18.5436,-53.1316,Costa Rica MS,50,31.771
-18.5436,-53.1316,Costa Rica MS,55,31.586
-18.5436,-53.1316,Costa Rica MS,60,31.392
-18.5436,-53.1316,Costa Rica MS,65,31.181
-18.5436,-53.1316,Costa Rica MS,70,30.967
-18.5436,-53.1316,Costa Rica MS,75,30.737
-18.5436,-53.1316,Costa Rica MS,80,30.503
-18.5436,-53.1316,Costa Rica MS,85,30.272
-18.5436,-53.1316,Costa Rica MS,90,30.034
-18.5436,-53.1316,Costa Rica MS,95,29.804
-18.5436,-53.1316,Costa Rica MS,100,29.571
-18.5436,-53.1316,Costa Rica MS,105,29.339
-18.5436,-53.1316,Costa Rica MS,110,29.113
-18.5436,-53.1316,Costa Rica MS,115,28.891
-18.5436,-53.1316,Costa Rica MS,120,28.675
-18.5436,-53.1316,Costa Rica MS,125,28.469
-18.5436,-53.1316,Costa Rica MS,130,28.27
-18.5436,-53.1316,Costa Rica MS,135,28.081
-18.5436,-53.1316,Costa Rica MS,140,27.907
-18.5436,-53.1316,Costa Rica MS,145,27.755
-18.5436,-53.1316,Costa Rica MS,150,27.622
-18.5436,-53.1316,Costa Rica MS,155,27.513
-18.5436,-53.1316,Costa Rica MS,160,27.425
-18.5436,-53.1316,Costa Rica MS,165,27.358
-18.5436,-53.1316,Costa Rica MS,170,27.315
-18.5436,-53.1316,Costa Rica MS,175,27.299
-18.5436,-53.1316,Costa Rica MS,180,27.315
-25.4278,-49.2731,Curitiba,0,26.327
-25.4278,-49.2731,Curitiba,5,26.294
-25.4278,-49.2731,Curitiba,10,26.25
-25.4278,-49.2731,Curitiba,15,26.187
-25.4278,-49.2731,Curitiba,20,26.111
-25.4278,-49.2731,Curitiba,25,26.022
-25.4278,-49.2731,Curitiba,30,25.92
-25.4278,-49.2731,Curitiba,35,25.799
-25.4278,-49.2731,Curitiba,40,25.659
-25.4278,-49.2731,Curitiba,45,25.517
-25.4278,-49.2731,Curitiba,50,25.368
-25.4278,-49.2731,Curitiba,55,25.21
-25.4278,-49.2731,Curitiba,60,25.041
-25.4278,-49.2731,Curitiba,65,24.867
-25.4278,-49.2731,Curitiba,70,24.682
-25.4278,-49.2731,Curitiba,75,24.492
-25.4278,-49.2731,Curitiba,80,24.294
-25.4278,-49.2731,Curitiba,85,24.101
-25.4278,-49.2731,Curitiba,90,23.902
-25.4278,-49.2731,Curitiba,95,23.706
-25.4278,-49.2731,Curitiba,100,23.508
-25.4278,-49.2731,Curitiba,105,23.313
-25.4278,-49.2731,Curitiba,110,23.122
-25.4278,-49.2731,Curitiba,115,22.934
-25.4278,-49.2731,Curitiba,120,22.753
-25.4278,-49.2731,Curitiba,125,22.58
-25.4278,-49.2731,Curitiba,130,22.415
-25.4278,-49.2731,Curitiba,135,22.265
-25.4278,-49.2731,Curitiba,140,22.129
-25.4278,-49.2731,Curitiba,145,22.01
-25.4278,-49.2731,Curitiba,150,21.905
-25.4278,-49.2731,Curitiba,155,21.815
-25.4278,-49.2731,Curitiba,160,21.746
-25.4278,-49.2731,Curitiba,165,21.692
-25.4278,-49.2731,Curitiba,170,21.659
-25.4278,-49.2731,Curitiba,175,21.643
-25.4278,-49.2731,Curitiba,180,21.652
-23.4987,-46.6947,Freguesia do O,0,25.668
-23.4987,-46.6947,Freguesia do O,5,25.645
-23.4987,-46.6947,Freguesia do O,10,25.605
-23.4987,-46.6947,Freguesia do O,15,25.552
-23.4987,-46.6947,Freguesia do O,20,25.479
-23.4987,-46.6947,Freguesia do O,25,25.39
-23.4987,-46.6947,Freguesia do O,30,25.293
-23.4987,-46.6947,Freguesia do O,35,25.18
-23.4987,-46.6947,Freguesia do O,40,25.051
-23.4987,-46.6947,Freguesia do O,45,24.915
-23.4987,-46.6947,Freguesia do O,50,24.766
-23.4987,-46.6947,Freguesia do O,55,24.616
-23.4987,-46.6947,Freguesia do O,60,24.462
-23.4987,-46.6947,Freguesia do O,65,24.299
-23.4987,-46.6947,Freguesia do O,70,24.133
-23.4987,-46.6947,Freguesia do O,75,23.956
-23.4987,-46.6947,Freguesia do O,80,23.775
-23.4987,-46.6947,Freguesia do O,85,23.59
-23.4987,-46.6947,Freguesia do O,90,23.404
-23.4987,-46.6947,Freguesia do O,95,23.212
-23.4987,-46.6947,Freguesia do O,100,23.027
-23.4987,-46.6947,Freguesia do O,105,22.839
-23.4987,-46.6947,Freguesia do O,110,22.657
-23.4987,-46.6947,Freguesia do O,115,22.479
-23.4987,-46.6947,Freguesia do O,120,22.306
-23.4987,-46.6947,Freguesia do O,125,22.139
-23.4987,-46.6947,Freguesia do O,130,21.987
-23.4987,-46.6947,Freguesia do O,135,21.844
-23.4987,-46.6947,Freguesia do O,140,21.708
-23.4987,-46.6947,Freguesia do O,145,21.59
-23.4987,-46.6947,Freguesia do O,150,21.486
-23.4987,-46.6947,Freguesia do O,155,21.399
-23.4987,-46.6947,Freguesia do O,160,21.324
-23.4987,-46.6947,Freguesia do O,165,21.269
-23.4987,-46.6947,Freguesia do O,170,21.232
-23.4987,-46.6947,Freguesia do O,175,21.212
-23.4987,-46.6947,Freguesia do O,180,21.213
-24.2711,-51.4261,Grandes Rios,0,29.175
-24.2711,-51.4261,Grandes Rios,5,29.144
-24.2711,-51.4261,Grandes Rios,10,29.099
-24.2711,-51.4261,Grandes Rios,15,29.033
-24.2711,-51.4261,Grandes Rios,20,28.955
-24.2711,-51.4261,Grandes Rios,25,28.856
-24.2711,-51.4261,Grandes Rios,30,28.735
-24.2711,-51.4261,Grandes Rios,35,28.596
-24.2711,-51.4261,Grandes Rios,40,28.451
-24.2711,-51.4261,Grandes Rios,45,28.297
-24.2711,-51.4261,Grandes Rios,50,28.135
-24.2711,-51.4261,Grandes Rios,55,27.956
-24.2711,-51.4261,Grandes Rios,60,27.771
-24.2711,-51.4261,Grandes Rios,65,27.57
-24.2711,-51.4261,Grandes Rios,70,27.36
-24.2711,-51.4261,Grandes Rios,75,27.147
-24.2711,-51.4261,Grandes Rios,80,26.93
-24.2711,-51.4261,Grandes Rios,85,26.713
-24.2711,-51.4261,Grandes Rios,90,26.494
-24.2711,-51.4261,Grandes Rios,95,26.273
-24.2711,-51.4261,Grandes Rios,100,26.056
-24.2711,-51.4261,Grandes Rios,105,25.837
-24.2711,-51.4261,Grandes Rios,110,25.623
-24.2711,-51.4261,Grandes Rios,115,25.413
-24.2711,-51.4261,Grandes Rios,120,25.209
-24.2711,-51.4261,Grandes Rios,125,25.014
-24.2711,-51.4261,Grandes Rios,130,24.828
-24.2711,-51.4261,Grandes Rios,135,24.65
-24.2711,-51.4261,Grandes Rios,140,24.5
-24.2711,-51.4261,Grandes Rios,145,24.362
-24.2711,-51.4261,Grandes Rios,150,24.245
-24.2711,-51.4261,Grandes Rios,155,24.148
-24.2711,-51.4261,Grandes Rios,160,24.069
-24.2711,-51.4261,Grandes Rios,165,24.011
-24.2711,-51.4261,Grandes Rios,170,23.969
-24.2711,-51.4261,Grandes Rios,175,23.953
-24.2711,-51.4261,Grandes Rios,180,23.963
-10.8858,-61.9268,Ji Paraná RO,0,32.631
-10.8858,-61.9268,Ji Paraná RO,5,32.607
-10.8858,-61.9268,Ji Paraná RO,10,32.57
-10.8858,-61.9268,Ji Paraná RO,15,32.515
-10.8858,-61.9268,Ji Paraná RO,20,32.448
-10.8858,-61.9268,Ji Paraná RO,25,32.371
-10.8858,-61.9268,Ji Paraná RO,30,32.279
-10.8858,-61.9268,Ji Paraná RO,35,32.169
-10.8858,-61.9268,Ji Paraná RO,40,32.045
-10.8858,-61.9268,Ji Paraná RO,45,31.915
-10.8858,-61.9268,Ji Paraná RO,50,31.775
-10.8858,-61.9268,Ji Paraná RO,55,31.626
-10.8858,-61.9268,Ji Paraná RO,60,31.474
-10.8858,-61.9268,Ji Paraná RO,65,31.322
-10.8858,-61.9268,Ji Paraná RO,70,31.175
-10.8858,-61.9268,Ji Paraná RO,75,31.03
-10.8858,-61.9268,Ji Paraná RO,80,30.881
-10.8858,-61.9268,Ji Paraná RO,85,30.727
-10.8858,-61.9268,Ji Paraná RO,90,30.571
-10.8858,-61.9268,Ji Paraná RO,95,30.416
-10.8858,-61.9268,Ji Paraná RO,100,30.255
-10.8858,-61.9268,Ji Paraná RO,105,30.098
-10.8858,-61.9268,Ji Paraná RO,110,29.943
-10.8858,-61.9268,Ji Paraná RO,115,29.792
-10.8858,-61.9268,Ji Paraná RO,120,29.647
-10.8858,-61.9268,Ji Paraná RO,125,29.505
-10.8858,-61.9268,Ji Paraná RO,130,29.375
-10.8858,-61.9268,Ji Paraná RO,135,29.255
-10.8858,-61.9268,Ji Paraná RO,140,29.151
-10.8858,-61.9268,Ji Paraná RO,145,29.058
-10.8858,-61.9268,Ji Paraná RO,150,28.98
-10.8858,-61.9268,Ji Paraná RO,155,28.918
-10.8858,-61.9268,Ji Paraná RO,160,28.864
-10.8858,-61.9268,Ji Paraná RO,165,28.829
-10.8858,-61.9268,Ji Paraná RO,170,28.811
-10.8858,-61.9268,Ji Paraná RO,175,28.803
-10.8858,-61.9268,Ji Paraná RO,180,28.824
-23.48,-46.7578,Lapa - Vila Jaraguá,0,25.686
-23.48,-46.7578,Lapa - Vila Jaraguá,5,25.648
-23.48,-46.7578,Lapa - Vila Jaraguá,10,25.596
-23.48,-46.7578,Lapa - Vila Jaraguá,15,25.529
-23.48,-46.7578,Lapa - Vila Jaraguá,20,25.446
-23.48,-46.7578,Lapa - Vila Jaraguá,25,25.354
-23.48,-46.7578,Lapa - Vila Jaraguá,30,25.247
-23.48,-46.7578,Lapa - Vila Jaraguá,35,25.124
-23.48,-46.7578,Lapa - Vila Jaraguá,40,24.987
-23.48,-46.7578,Lapa - Vila Jaraguá,45,24.84
-23.48,-46.7578,Lapa - Vila Jaraguá,50,24.69
-23.48,-46.7578,Lapa - Vila Jaraguá,55,24.536
-23.48,-46.7578,Lapa - Vila Jaraguá,60,24.378
-23.48,-46.7578,Lapa - Vila Jaraguá,65,24.211
-23.48,-46.7578,Lapa - Vila Jaraguá,70,24.042
-23.48,-46.7578,Lapa - Vila Jaraguá,75,23.867
-23.48,-46.7578,Lapa - Vila Jaraguá,80,23.687
-23.48,-46.7578,Lapa - Vila Jaraguá,85,23.499
-23.48,-46.7578,Lapa - Vila Jaraguá,90,23.313
-23.48,-46.7578,Lapa - Vila Jaraguá,95,23.126
-23.48,-46.7578,Lapa - Vila Jaraguá,100,22.941
-23.48,-46.7578,Lapa - Vila Jaraguá,105,22.759
-23.48,-46.7578,Lapa - Vila Jaraguá,110,22.583
-23.48,-46.7578,Lapa - Vila Jaraguá,115,22.41
-23.48,-46.7578,Lapa - Vila Jaraguá,120,22.243
-23.48,-46.7578,Lapa - Vila Jaraguá,125,22.087
-23.48,-46.7578,Lapa - Vila Jaraguá,130,21.94
-23.48,-46.7578,Lapa - Vila Jaraguá,135,21.806
-23.48,-46.7578,Lapa - Vila Jaraguá,140,21.686
-23.48,-46.7578,Lapa - Vila Jaraguá,145,21.58
-23.48,-46.7578,Lapa - Vila Jaraguá,150,21.489
-23.48,-46.7578,Lapa - Vila Jaraguá,155,21.411
-23.48,-46.7578,Lapa - Vila Jaraguá,160,21.354
-23.48,-46.7578,Lapa - Vila Jaraguá,165,21.313
-23.48,-46.7578,Lapa - Vila Jaraguá,170,21.287
-23.48,-46.7578,Lapa - Vila Jaraguá,175,21.282
-23.48,-46.7578,Lapa - Vila Jaraguá,180,21.297
-3.13,-60.02,Manaus,0,29.107
-3.13,-60.02,Manaus,5,29.096
-3.13,-60.02,Manaus,10,29.082
-3.13,-60.02,Manaus,15,29.065
-3.13,-60.02,Manaus,20,29.042
-3.13,-60.02,Manaus,25,29.016
-3.13,-60.02,Manaus,30,28.989
-3.13,-60.02,Manaus,35,28.962
-3.13,-60.02,Manaus,40,28.925
-3.13,-60.02,Manaus,45,28.886
-3.13,-60.02,Manaus,50,28.848
-3.13,-60.02,Manaus,55,28.803
-3.13,-60.02,Manaus,60,28.756
-3.13,-60.02,Manaus,65,28.71
-3.13,-60.02,Manaus,70,28.659
-3.13,-60.02,Manaus,75,28.611
-3.13,-60.02,Manaus,80,28.564
-3.13,-60.02,Manaus,85,28.514
-3.13,-60.02,Manaus,90,28.473
-3.13,-60.02,Manaus,95,28.428
-3.13,-60.02,Manaus,100,28.386
-3.13,-60.02,Manaus,105,28.342
-3.13,-60.02,Manaus,110,28.296
-3.13,-60.02,Manaus,115,28.256
-3.13,-60.02,Manaus,120,28.216
-3.13,-60.02,Manaus,125,28.179
-3.13,-60.02,Manaus,130,28.142
-3.13,-60.02,Manaus,135,28.109
-3.13,-60.02,Manaus,140,28.084
-3.13,-60.02,Manaus,145,28.068
-3.13,-60.02,Manaus,150,28.056
-3.13,-60.02,Manaus,155,28.049
-3.13,-60.02,Manaus,160,28.047
-3.13,-60.02,Manaus,165,28.049
-3.13,-60.02,Manaus,170,28.055
-3.13,-60.02,Manaus,175,28.063
-3.13,-60.02,Manaus,180,28.076
-22.2119,-49.952,Marília SP,0,30.32
-22.2119,-49.952,Marília SP,5,30.282
-22.2119,-49.952,Marília SP,10,30.222
-22.2119,-49.952,Marília SP,15,30.151
-22.2119,-49.952,Marília SP,20,30.057
-22.2119,-49.952,Marília SP,25,29.951
-22.2119,-49.952,Marília SP,30,29.814
-22.2119,-49.952,Marília SP,35,29.661
-22.2119,-49.952,Marília SP,40,29.495
-22.2119,-49.952,Marília SP,45,29.324
-22.2119,-49.952,Marília SP,50,29.148
-22.2119,-49.952,Marília SP,55,28.963
-22.2119,-49.952,Marília SP,60,28.767
-22.2119,-49.952,Marília SP,65,28.558
-22.2119,-49.952,Marília SP,70,28.344
-22.2119,-49.952,Marília SP,75,28.119
-22.2119,-49.952,Marília SP,80,27.887
-22.2119,-49.952,Marília SP,85,27.652
-22.2119,-49.952,Marília SP,90,27.417
-22.2119,-49.952,Marília SP,95,27.181
-22.2119,-49.952,Marília SP,100,26.954
-22.2119,-49.952,Marília SP,105,26.726
-22.2119,-49.952,Marília SP,110,26.501
-22.2119,-49.952,Marília SP,115,26.284
-22.2119,-49.952,Marília SP,120,26.07
-22.2119,-49.952,Marília SP,125,25.863
-22.2119,-49.952,Marília SP,130,25.671
-22.2119,-49.952,Marília SP,135,25.494
-22.2119,-49.952,Marília SP,140,25.333
-22.2119,-49.952,Marília SP,145,25.193
-22.2119,-49.952,Marília SP,150,25.071
-22.2119,-49.952,Marília SP,155,24.974
-22.2119,-49.952,Marília SP,160,24.891
-22.2119,-49.952,Marília SP,165,24.831
-22.2119,-49.952,Marília SP,170,24.796
-22.2119,-49.952,Marília SP,175,24.784
-22.2119,-49.952,Marília SP,180,24.79
