LATITUDE;LONGITUDE;CIDADE;ÂNGULO;MWH
-3,2081547;-52,2086;Altamira;0,000;29,084
-3,2081547;-52,2086;Altamira;5,000;29,05577498
-3,2081547;-52,2086;Altamira;10,000;29,02002329
-3,2081547;-52,2086;Altamira;15,000;28,9786266
-3,2081547;-52,2086;Altamira;20,000;28,93252573
-3,2081547;-52,2086;Altamira;25,000;28,8817207
-3,2081547;-52,2086;Altamira;30,000;28,8262115
-3,2081547;-52,2086;Altamira;35,000;28,76599812
-3,2081547;-52,2086;Altamira;40,000;28,69919891
-3,2081547;-52,2086;Altamira;45,000;28,6323997
-3,2081547;-52,2086;Altamira;50,000;28,56842299
-3,2081547;-52,2086;Altamira;55,000;28,51009129
-3,2081547;-52,2086;Altamira;60,000;28,45834542
-3,2081547;-52,2086;Altamira;65,000;28,40754039
-3,2081547;-52,2086;Altamira;70,000;28,35391285
-3,2081547;-52,2086;Altamira;75,000;28,29934448
-3,2081547;-52,2086;Altamira;80,000;28,24195361
-3,2081547;-52,2086;Altamira;85,000;28,18456274
-3,2081547;-52,2086;Altamira;90,000;28,12717187
-3,2081547;-52,2086;Altamira;95,000;28,06884016
-3,2081547;-52,2086;Altamira;100,000;28,01239013
-3,2081547;-52,2086;Altamira;105,000;27,95876259
-3,2081547;-52,2086;Altamira;110,000;27,90701672
-3,2081547;-52,2086;Altamira;115,000;27,86091586
-3,2081547;-52,2086;Altamira;120,000;27,81857833
-3,2081547;-52,2086;Altamira;125,000;27,78094497
-3,2081547;-52,2086;Altamira;130,000;27,74519328
-3,2081547;-52,2086;Altamira;135,000;27,71414576
-3,2081547;-52,2086;Altamira;140,000;27,68780241
-3,2081547;-52,2086;Altamira;145,000;27,66616323
-3,2081547;-52,2086;Altamira;150,000;27,65016906
-3,2081547;-52,2086;Altamira;155,000;27,63887905
-3,2081547;-52,2086;Altamira;160,000;27,63417488
-3,2081547;-52,2086;Altamira;165,000;27,63511571
-3,2081547;-52,2086;Altamira;170,000;27,64170155
-3,2081547;-52,2086;Altamira;175,000;27,65581406
-3,2081547;-52,2086;Altamira;180,000;27,67557157
-20,4613172;-55,777153;Aquidauana;0,000;32,782
-20,4613172;-55,777153;Aquidauana;5,000;32,77631066
-20,4613172;-55,777153;Aquidauana;10,000;32,74596749
-20,4613172;-55,777153;Aquidauana;15,000;32,69286694
-20,4613172;-55,777153;Aquidauana;20,000;32,6160608
-20,4613172;-55,777153;Aquidauana;25,000;32,5212384
-20,4613172;-55,777153;Aquidauana;30,000;32,41219264
-20,4613172;-55,777153;Aquidauana;35,000;32,28892352
-20,4613172;-55,777153;Aquidauana;40,000;32,14953459
-20,4613172;-55,777153;Aquidauana;45,000;31,99592231
-20,4613172;-55,777153;Aquidauana;50,000;31,82808666
-20,4613172;-55,777153;Aquidauana;55,000;31,6441312
-20,4613172;-55,777153;Aquidauana;60,000;31,44500417
-20,4613172;-55,777153;Aquidauana;65,000;31,23355021
-20,4613172;-55,777153;Aquidauana;70,000;31,01451047
-20,4613172;-55,777153;Aquidauana;75,000;30,79167783
-20,4613172;-55,777153;Aquidauana;80,000;30,56600052
-20,4613172;-55,777153;Aquidauana;85,000;30,33463387
-20,4613172;-55,777153;Aquidauana;90,000;30,10137076
-20,4613172;-55,777153;Aquidauana;95,000;29,86715944
-20,4613172;-55,777153;Aquidauana;100,000;29,63199988
-20,4613172;-55,777153;Aquidauana;105,000;29,39873678
-20,4613172;-55,777153;Aquidauana;110,000;29,16926657
-20,4613172;-55,777153;Aquidauana;115,000;28,94548571
-20,4613172;-55,777153;Aquidauana;120,000;28,72929064
-20,4613172;-55,777153;Aquidauana;125,000;28,52257781
-20,4613172;-55,777153;Aquidauana;130,000;28,32629544
-20,4613172;-55,777153;Aquidauana;135,000;28,14328821
-20,4613172;-55,777153;Aquidauana;140,000;27,97260789
-20,4613172;-55,777153;Aquidauana;145,000;27,81804738
-20,4613172;-55,777153;Aquidauana;150,000;27,6805549
-20,4613172;-55,777153;Aquidauana;155,000;27,5620269
-20,4613172;-55,777153;Aquidauana;160,000;27,46151516
-20,4613172;-55,777153;Aquidauana;165,000;27,38281257
-20,4613172;-55,777153;Aquidauana;170,000;27,3287638
-20,4613172;-55,777153;Aquidauana;175,000;27,30316175
-20,4613172;-55,777153;Aquidauana;180,000;27,30600642
-22,4803709;-48,56096;Barra Bonita;0,000;29,877
-22,4803709;-48,56096;Barra Bonita;5,000;29,84752144
-22,4803709;-48,56096;Barra Bonita;10,000;29,79902444
-22,4803709;-48,56096;Barra Bonita;15,000;29,73150902
-22,4803709;-48,56096;Barra Bonita;20,000;29,6459261
-22,4803709;-48,56096;Barra Bonita;25,000;29,5441775
-22,4803709;-48,56096;Barra Bonita;30,000;29,42436141
-22,4803709;-48,56096;Barra Bonita;35,000;29,28552688
-22,4803709;-48,56096;Barra Bonita;40,000;29,13052669
-22,4803709;-48,56096;Barra Bonita;45,000;28,96887005
-22,4803709;-48,56096;Barra Bonita;50,000;28,80436064
-22,4803709;-48,56096;Barra Bonita;55,000;28,63414571
-22,4803709;-48,56096;Barra Bonita;60,000;28,45917617
-22,4803709;-48,56096;Barra Bonita;65,000;28,27374649
-22,4803709;-48,56096;Barra Bonita;70,000;28,07690576
-22,4803709;-48,56096;Barra Bonita;75,000;27,87055581
-22,4803709;-48,56096;Barra Bonita;80,000;27,65659849
-22,4803709;-48,56096;Barra Bonita;85,000;27,43883749
-22,4803709;-48,56096;Barra Bonita;90,000;27,21917464
-22,4803709;-48,56096;Barra Bonita;95,000;27,00046271
-22,4803709;-48,56096;Barra Bonita;100,000;26,78365263
-22,4803709;-48,56096;Barra Bonita;105,000;26,56969531
-22,4803709;-48,56096;Barra Bonita;110,000;26,35859076
-22,4803709;-48,56096;Barra Bonita;115,000;26,15319173
-22,4803709;-48,56096;Barra Bonita;120,000;25,95349823
-22,4803709;-48,56096;Barra Bonita;125,000;25,76331395
-22,4803709;-48,56096;Barra Bonita;130,000;25,58454072
-22,4803709;-48,56096;Barra Bonita;135,000;25,42003132
-22,4803709;-48,56096;Barra Bonita;140,000;25,27073666
-22,4803709;-48,56096;Barra Bonita;145,000;25,13855858
-22,4803709;-48,56096;Barra Bonita;150,000;25,02349709
-22,4803709;-48,56096;Barra Bonita;155,000;24,92745402
-22,4803709;-48,56096;Barra Bonita;160,000;24,85138031
-22,4803709;-48,56096;Barra Bonita;165,000;24,79527595
-22,4803709;-48,56096;Barra Bonita;170,000;24,75914093
-22,4803709;-48,56096;Barra Bonita;175,000;24,74297527
-22,4803709;-48,56096;Barra Bonita;180,000;24,74677896
-1,3413479;-48,59081;Belem;0,000;29,82
-1,3413479;-48,59081;Belem;5,000;29,82375946
-1,3413479;-48,59081;Belem;5,000;29,82375946
-1,3413479;-48,59081;Belem;15,000;29,81812027
-1,3413479;-48,59081;Belem;20,000;29,80684191
-1,3413479;-48,59081;Belem;25,000;29,78992436
-1,3413479;-48,59081;Belem;30,000;29,76830749
-1,3413479;-48,59081;Belem;35,000;29,74293116
-1,3413479;-48,59081;Belem;40,000;29,71473525
-1,3413479;-48,59081;Belem;45,000;29,68184002
-1,3413479;-48,59081;Belem;50,000;29,64518533
-1,3413479;-48,59081;Belem;55,000;29,60477118
-1,3413479;-48,59081;Belem;60,000;29,56341717
-1,3413479;-48,59081;Belem;65,000;29,52300303
-1,3413479;-48,59081;Belem;70,000;29,48634834
-1,3413479;-48,59081;Belem;75,000;29,4534531
-1,3413479;-48,59081;Belem;80,000;29,42149773
-1,3413479;-48,59081;Belem;85,000;29,3886025
-1,3413479;-48,59081;Belem;90,000;29,35288767
-1,3413479;-48,59081;Belem;95,000;29,31529312
-1,3413479;-48,59081;Belem;100,000;29,27581884
-1,3413479;-48,59081;Belem;105,000;29,23728442
-1,3413479;-48,59081;Belem;110,000;29,19781014
-1,3413479;-48,59081;Belem;115,000;29,15927572
-1,3413479;-48,59081;Belem;120,000;29,1207413
-1,3413479;-48,59081;Belem;125,000;29,08408661
-1,3413479;-48,59081;Belem;130,000;29,04743192
-1,3413479;-48,59081;Belem;135,000;29,0117171
-1,3413479;-48,59081;Belem;140,000;28,97694213
-1,3413479;-48,59081;Belem;145,000;28,94498676
-1,3413479;-48,59081;Belem;150,000;28,91679085
-1,3413479;-48,59081;Belem;155,000;28,89423411
-1,3413479;-48,59081;Belem;160,000;28,87919629
-1,3413479;-48,59081;Belem;165,000;28,86979766
-1,3413479;-48,59081;Belem;170,000;28,86321861
-1,3413479;-48,59081;Belem;175,000;28,85757943
-1,3413479;-48,59081;Belem;180,000;28,85663956
-15,7217173;-48,0777;Brasilia;0,000;34,313
-15,7217173;-48,0777;Brasilia;5,000;34,26566373
-15,7217173;-48,0777;Brasilia;10,000;34,19707444
-15,7217173;-48,0777;Brasilia;15,000;34,11013027
-15,7217173;-48,0777;Brasilia;20,000;34,00966145
-15,7217173;-48,0777;Brasilia;25,000;33,89083775
-15,7217173;-48,0777;Brasilia;30,000;33,75365917
-15,7217173;-48,0777;Brasilia;35,000;33,59619361
-15,7217173;-48,0777;Brasilia;40,000;33,42037318
-15,7217173;-48,0777;Brasilia;45,000;33,23199414
-15,7217173;-48,0777;Brasilia;50,000;33,03878488
-15,7217173;-48,0777;Brasilia;55,000;32,84943979
-15,7217173;-48,0777;Brasilia;60,000;32,66782308
-15,7217173;-48,0777;Brasilia;65,000;32,49007055
-15,7217173;-48,0777;Brasilia;70,000;32,30652175
-15,7217173;-48,0777;Brasilia;75,000;32,11621062
-15,7217173;-48,0777;Brasilia;80,000;31,92010321
-15,7217173;-48,0777;Brasilia;85,000;31,71819953
-15,7217173;-48,0777;Brasilia;90,000;31,51049956
-15,7217173;-48,0777;Brasilia;95,000;31,29796937
-15,7217173;-48,0777;Brasilia;100,000;31,08157499
-15,7217173;-48,0777;Brasilia;105,000;30,86614665
-15,7217173;-48,0777;Brasilia;110,000;30,65265041
-15,7217173;-48,0777;Brasilia;115,000;30,4439844
-15,7217173;-48,0777;Brasilia;120,000;30,24208072
-15,7217173;-48,0777;Brasilia;125,000;30,04597331
-15,7217173;-48,0777;Brasilia;130,000;29,86145846
-15,7217173;-48,0777;Brasilia;135,000;29,6933664
-15,7217173;-48,0777;Brasilia;140,000;29,54362921
-15,7217173;-48,0777;Brasilia;145,000;29,41321296
-15,7217173;-48,0777;Brasilia;150,000;29,30501577
-15,7217173;-48,0777;Brasilia;155,000;29,21517346
-15,7217173;-48,0777;Brasilia;160,000;29,14561812
-15,7217173;-48,0777;Brasilia;165,000;29,09634976
-15,7217173;-48,0777;Brasilia;170,000;29,06736837
-15,7217173;-48,0777;Brasilia;175,000;29,06060604
-15,7217173;-48,0777;Brasilia;180,000;29,07799488
-10,2116585;-63,85133;Buritis;0,000;33,168
-10,2116585;-63,85133;Buritis;5,000;33,16421078
-10,2116585;-63,85133;Buritis;10,000;33,14526467
-10,2116585;-63,85133;Buritis;15,000;33,11116168
-10,2116585;-63,85133;Buritis;20,000;33,06190181
-10,2116585;-63,85133;Buritis;25,000;32,99559044
-10,2116585;-63,85133;Buritis;30,000;32,91317488
-10,2116585;-63,85133;Buritis;35,000;32,81939165
-10,2116585;-63,85133;Buritis;40,000;32,71518807
-10,2116585;-63,85133;Buritis;45,000;32,60056413
-10,2116585;-63,85133;Buritis;50,000;32,48025636
-10,2116585;-63,85133;Buritis;55,000;32,35710667
-10,2116585;-63,85133;Buritis;60,000;32,23774621
-10,2116585;-63,85133;Buritis;65,000;32,12028035
-10,2116585;-63,85133;Buritis;70,000;32,00091989
-10,2116585;-63,85133;Buritis;75,000;31,87492828
-10,2116585;-63,85133;Buritis;80,000;31,74325285
-10,2116585;-63,85133;Buritis;85,000;31,60494628
-10,2116585;-63,85133;Buritis;90,000;31,46190318
-10,2116585;-63,85133;Buritis;95,000;31,31507086
-10,2116585;-63,85133;Buritis;100,000;31,16444932
-10,2116585;-63,85133;Buritis;105,000;31,01193317
-10,2116585;-63,85133;Buritis;110,000;30,85941702
-10,2116585;-63,85133;Buritis;115,000;30,70974278
-10,2116585;-63,85133;Buritis;120,000;30,56196316
-10,2116585;-63,85133;Buritis;125,000;30,41986736
-10,2116585;-63,85133;Buritis;130,000;30,2834554
-10,2116585;-63,85133;Buritis;135,000;30,15651649
-10,2116585;-63,85133;Buritis;140,000;30,04189255
-10,2116585;-63,85133;Buritis;145,000;29,94147819
-10,2116585;-63,85133;Buritis;150,000;29,8533788
-10,2116585;-63,85133;Buritis;155,000;29,77569977
-10,2116585;-63,85133;Buritis;160,000;29,70844109
-10,2116585;-63,85133;Buritis;165,000;29,65349739
-10,2116585;-63,85133;Buritis;170,000;29,61465787
-10,2116585;-63,85133;Buritis;175,000;29,59381715
-10,2116585;-63,85133;Buritis;180,000;29,59286985
-20,8521352;-41,175078;Cachoeiro de Itapemirim;0,000;29,055
-20,8521352;-41,175078;Cachoeiro de Itapemirim;5,000;29,05311447
-20,8521352;-41,175078;Cachoeiro de Itapemirim;10,000;29,0323737
-20,8521352;-41,175078;Cachoeiro de Itapemirim;15,000;28,99183491
-20,8521352;-41,175078;Cachoeiro de Itapemirim;20,000;28,93338363
-20,8521352;-41,175078;Cachoeiro de Itapemirim;25,000;28,86173367
-20,8521352;-41,175078;Cachoeiro de Itapemirim;30,000;28,7778278
-20,8521352;-41,175078;Cachoeiro de Itapemirim;35,000;28,68166602
-20,8521352;-41,175078;Cachoeiro de Itapemirim;40,000;28,57042003
-20,8521352;-41,175078;Cachoeiro de Itapemirim;45,000;28,44597537
-20,8521352;-41,175078;Cachoeiro de Itapemirim;50,000;28,30833204
-20,8521352;-41,175078;Cachoeiro de Itapemirim;55,000;28,15937555
-20,8521352;-41,175078;Cachoeiro de Itapemirim;60,000;27,99722038
-20,8521352;-41,175078;Cachoeiro de Itapemirim;65,000;27,82563759
-20,8521352;-41,175078;Cachoeiro de Itapemirim;70,000;27,65028375
-20,8521352;-41,175078;Cachoeiro de Itapemirim;75,000;27,47115886
-20,8521352;-41,175078;Cachoeiro de Itapemirim;80,000;27,28920568
-20,8521352;-41,175078;Cachoeiro de Itapemirim;85,000;27,10348146
-20,8521352;-41,175078;Cachoeiro de Itapemirim;90,000;26,91492894
-20,8521352;-41,175078;Cachoeiro de Itapemirim;95,000;26,72543366
-20,8521352;-41,175078;Cachoeiro de Itapemirim;100,000;26,53405286
-20,8521352;-41,175078;Cachoeiro de Itapemirim;105,000;26,34361482
-20,8521352;-41,175078;Cachoeiro de Itapemirim;110,000;26,15600506
-20,8521352;-41,175078;Cachoeiro de Itapemirim;115,000;25,97310912
-20,8521352;-41,175078;Cachoeiro de Itapemirim;120,000;25,79492699
-20,8521352;-41,175078;Cachoeiro de Itapemirim;125,000;25,62522973
-20,8521352;-41,175078;Cachoeiro de Itapemirim;130,000;25,46496009
-20,8521352;-41,175078;Cachoeiro de Itapemirim;135,000;25,31317531
-20,8521352;-41,175078;Cachoeiro de Itapemirim;140,000;25,17364645
-20,8521352;-41,175078;Cachoeiro de Itapemirim;145,000;25,0463735
-20,8521352;-41,175078;Cachoeiro de Itapemirim;150,000;24,93135647
-20,8521352;-41,175078;Cachoeiro de Itapemirim;155,000;24,83048087
-20,8521352;-41,175078;Cachoeiro de Itapemirim;160,000;24,74468948
-20,8521352;-41,175078;Cachoeiro de Itapemirim;165,000;24,67492505
-20,8521352;-41,175078;Cachoeiro de Itapemirim;170,000;24,62684415
-20,8521352;-41,175078;Cachoeiro de Itapemirim;175,000;24,60138956
-20,8521352;-41,175078;Cachoeiro de Itapemirim;180,000;24,59856128
-20,4810434;-54,775965;Campo Grande;0,000;32,833
-20,4810434;-54,775965;Campo Grande;5,000;32,8206163
-20,4810434;-54,775965;Campo Grande;10,000;32,78822816
-20,4810434;-54,775965;Campo Grande;15,000;32,73107262
-20,4810434;-54,775965;Campo Grande;20,000;32,65105486
-20,4810434;-54,775965;Campo Grande;25,000;32,54817489
-20,4810434;-54,775965;Campo Grande;30,000;32,43005344
-20,4810434;-54,775965;Campo Grande;35,000;32,30050088
-20,4810434;-54,775965;Campo Grande;40,000;32,15761203
-20,4810434;-54,775965;Campo Grande;45,000;31,99852911
-20,4810434;-54,775965;Campo Grande;50,000;31,8261099
-20,4810434;-54,775965;Campo Grande;55,000;31,6403544
-20,4810434;-54,775965;Campo Grande;60,000;31,4412626
-20,4810434;-54,775965;Campo Grande;65,000;31,22883451
-20,4810434;-54,775965;Campo Grande;70,000;31,00783309
-20,4810434;-54,775965;Campo Grande;75,000;30,7820687
-20,4810434;-54,775965;Campo Grande;80,000;30,55344654
-20,4810434;-54,775965;Campo Grande;85,000;30,32196661
-20,4810434;-54,775965;Campo Grande;90,000;30,08762889
-20,4810434;-54,775965;Campo Grande;95,000;29,85138599
-20,4810434;-54,775965;Campo Grande;100,000;29,61514309
-20,4810434;-54,775965;Campo Grande;105,000;29,37985279
-20,4810434;-54,775965;Campo Grande;110,000;29,14837285
-20,4810434;-54,775965;Campo Grande;115,000;28,92165587
-20,4810434;-54,775965;Campo Grande;120,000;28,70160704
-20,4810434;-54,775965;Campo Grande;125,000;28,49013155
-20,4810434;-54,775965;Campo Grande;130,000;28,28722938
-20,4810434;-54,775965;Campo Grande;135,000;28,09671091
-20,4810434;-54,775965;Campo Grande;140,000;27,91952874
-20,4810434;-54,775965;Campo Grande;145,000;27,75949323
-20,4810434;-54,775965;Campo Grande;150,000;27,61850956
-20,4810434;-54,775965;Campo Grande;155,000;27,49753033
-20,4810434;-54,775965;Campo Grande;160,000;27,39655555
-20,4810434;-54,775965;Campo Grande;165,000;27,3155852
-20,4810434;-54,775965;Campo Grande;170,000;27,26319262
-20,4810434;-54,775965;Campo Grande;175,000;27,241283
-20,4810434;-54,775965;Campo Grande;180,000;27,24509336
-24,9637543;-53,542564;Cascavel;0,000;31,221
-24,9637543;-53,542564;Cascavel;5,000;31,18951568
-24,9637543;-53,542564;Cascavel;10,000;31,13894994
-24,9637543;-53,542564;Cascavel;15,000;31,06930281
-24,9637543;-53,542564;Cascavel;20,000;30,97580391
-24,9637543;-53,542564;Cascavel;25,000;30,85749917
-24,9637543;-53,542564;Cascavel;30,000;30,72392932
-24,9637543;-53,542564;Cascavel;35,000;30,5760484
-24,9637543;-53,542564;Cascavel;40,000;30,41862679
-24,9637543;-53,542564;Cascavel;45,000;30,24689411
-24,9637543;-53,542564;Cascavel;50,000;30,05894224
-24,9637543;-53,542564;Cascavel;55,000;29,85667932
-24,9637543;-53,542564;Cascavel;60,000;29,64201348
-24,9637543;-53,542564;Cascavel;65,000;29,41685286
-24,9637543;-53,542564;Cascavel;70,000;29,18596782
-24,9637543;-53,542564;Cascavel;75,000;28,95317464
-24,9637543;-53,542564;Cascavel;80,000;28,71751925
-24,9637543;-53,542564;Cascavel;85,000;28,47995572
-24,9637543;-53,542564;Cascavel;90,000;28,24143812
-24,9637543;-53,542564;Cascavel;95,000;28,00292052
-24,9637543;-53,542564;Cascavel;100,000;27,76535699
-24,9637543;-53,542564;Cascavel;105,000;27,53065567
-24,9637543;-53,542564;Cascavel;110,000;27,29977063
-24,9637543;-53,542564;Cascavel;115,000;27,07651815
-24,9637543;-53,542564;Cascavel;120,000;26,86185231
-24,9637543;-53,542564;Cascavel;125,000;26,65672717
-24,9637543;-53,542564;Cascavel;130,000;26,46114274
-24,9637543;-53,542564;Cascavel;135,000;26,27986936
-24,9637543;-53,542564;Cascavel;140,000;26,11576925
-24,9637543;-53,542564;Cascavel;145,000;25,97170462
-24,9637543;-53,542564;Cascavel;150,000;25,85053768
-24,9637543;-53,542564;Cascavel;155,000;25,74940622
-24,9637543;-53,542564;Cascavel;160,000;25,6692643
-24,9637543;-53,542564;Cascavel;165,000;25,61011194
-24,9637543;-53,542564;Cascavel;170,000;25,57194912
-24,9637543;-53,542564;Cascavel;175,000;25,55668399
-24,9637543;-53,542564;Cascavel;180,000;25,56908691
-13,6582185;-59,82911;Comodoro;0,000;32,167
-13,6582185;-59,82911;Comodoro;5,000;32,134635
-13,6582185;-59,82911;Comodoro;10,000;32,08799133
-13,6582185;-59,82911;Comodoro;15,000;32,02706898
-13,6582185;-59,82911;Comodoro;20,000;31,95091605
-13,6582185;-59,82911;Comodoro;25,000;31,86524399
-13,6582185;-59,82911;Comodoro;30,000;31,77005282
-13,6582185;-59,82911;Comodoro;35,000;31,6624868
-13,6582185;-59,82911;Comodoro;40,000;31,54254593
-13,6582185;-59,82911;Comodoro;45,000;31,41118211
-13,6582185;-59,82911;Comodoro;50,000;31,26934727
-13,6582185;-59,82911;Comodoro;55,000;31,11608949
-13,6582185;-59,82911;Comodoro;60,000;30,95902406
-13,6582185;-59,82911;Comodoro;65,000;30,80195863
-13,6582185;-59,82911;Comodoro;70,000;30,64965276
-13,6582185;-59,82911;Comodoro;75,000;30,49925071
-13,6582185;-59,82911;Comodoro;80,000;30,34980057
-13,6582185;-59,82911;Comodoro;85,000;30,19844661
-13,6582185;-59,82911;Comodoro;90,000;30,04614074
-13,6582185;-59,82911;Comodoro;95,000;29,89193105
-13,6582185;-59,82911;Comodoro;100,000;29,73581753
-13,6582185;-59,82911;Comodoro;105,000;29,5787521
-13,6582185;-59,82911;Comodoro;110,000;29,42359049
-13,6582185;-59,82911;Comodoro;115,000;29,27223654
-13,6582185;-59,82911;Comodoro;120,000;29,12659405
-13,6582185;-59,82911;Comodoro;125,000;28,99047067
-13,6582185;-59,82911;Comodoro;130,000;28,86577024
-13,6582185;-59,82911;Comodoro;135,000;28,75534848
-13,6582185;-59,82911;Comodoro;140,000;28,6592054
-13,6582185;-59,82911;Comodoro;145,000;28,57448526
-13,6582185;-59,82911;Comodoro;150,000;28,5040438
-13,6582185;-59,82911;Comodoro;155,000;28,4469291
-13,6582185;-59,82911;Comodoro;160,000;28,40218925
-13,6582185;-59,82911;Comodoro;165,000;28,37077616
-13,6582185;-59,82911;Comodoro;170,000;28,35459366
-13,6582185;-59,82911;Comodoro;170,000;28,35459366
-13,6582185;-59,82911;Comodoro;180,000;28,36887234
-18,1878123;-55,253195;Coxim;0,000;32,425
-18,1878123;-55,253195;Coxim;0,000;32,425
-18,1878123;-55,253195;Coxim;10,000;32,40413632
-18,1878123;-55,253195;Coxim;15,000;32,36240897
-18,1878123;-55,253195;Coxim;20,000;32,29981793
-18,1878123;-55,253195;Coxim;25,000;32,21825992
-18,1878123;-55,253195;Coxim;30,000;32,12342502
-18,1878123;-55,253195;Coxim;35,000;32,01720994
-18,1878123;-55,253195;Coxim;40,000;31,90056301
-18,1878123;-55,253195;Coxim;45,000;31,7706392
-18,1878123;-55,253195;Coxim;50,000;31,62838686
-18,1878123;-55,253195;Coxim;55,000;31,47285762
-18,1878123;-55,253195;Coxim;60,000;31,3040515
-18,1878123;-55,253195;Coxim;65,000;31,12102015
-18,1878123;-55,253195;Coxim;70,000;30,92755696
-18,1878123;-55,253195;Coxim;75,000;30,72650698
-18,1878123;-55,253195;Coxim;80,000;30,5216636
-18,1878123;-55,253195;Coxim;85,000;30,31397517
-18,1878123;-55,253195;Coxim;90,000;30,1034417
-18,1878123;-55,253195;Coxim;95,000;29,89006317
-18,1878123;-55,253195;Coxim;100,000;29,6757363
-18,1878123;-55,253195;Coxim;105,000;29,46235778
-18,1878123;-55,253195;Coxim;110,000;29,25182431
-18,1878123;-55,253195;Coxim;115,000;29,04413588
-18,1878123;-55,253195;Coxim;120,000;28,84213755
-18,1878123;-55,253195;Coxim;125,000;28,64772601
-18,1878123;-55,253195;Coxim;130,000;28,46279796
-18,1878123;-55,253195;Coxim;135,000;28,28830175
-18,1878123;-55,253195;Coxim;140,000;28,12518572
-18,1878123;-55,253195;Coxim;145,000;27,97534658
-18,1878123;-55,253195;Coxim;150,000;27,84162938
-18,1878123;-55,253195;Coxim;155,000;27,7240341
-18,1878123;-55,253195;Coxim;160,000;27,62350911
-18,1878123;-55,253195;Coxim;165,000;27,54289945
-18,1878123;-55,253195;Coxim;170,000;27,48505016
-18,1878123;-55,253195;Coxim;175,000;27,45375464
-18,1878123;-55,253195;Coxim;180,000;27,4471162
-15,4191704;-56,456297;Cuiaba;0,000;31,706
-15,4191704;-56,456297;Cuiaba;5,000;31,69086406
-15,4191704;-56,456297;Cuiaba;10,000;31,6587002
-15,4191704;-56,456297;Cuiaba;15,000;31,61140041
-15,4191704;-56,456297;Cuiaba;20,000;31,54896467
-15,4191704;-56,456297;Cuiaba;25,000;31,47423099
-15,4191704;-56,456297;Cuiaba;30,000;31,38909136
-15,4191704;-56,456297;Cuiaba;35,000;31,29449177
-15,4191704;-56,456297;Cuiaba;40,000;31,19137821
-15,4191704;-56,456297;Cuiaba;45,000;31,07785869
-15,4191704;-56,456297;Cuiaba;50,000;30,95298723
-15,4191704;-56,456297;Cuiaba;55,000;30,81676381
-15,4191704;-56,456297;Cuiaba;60,000;30,66918845
-15,4191704;-56,456297;Cuiaba;65,000;30,50931513
-15,4191704;-56,456297;Cuiaba;70,000;30,34281985
-15,4191704;-56,456297;Cuiaba;75,000;30,17064859
-15,4191704;-56,456297;Cuiaba;80,000;29,99753133
-15,4191704;-56,456297;Cuiaba;85,000;29,82441407
-15,4191704;-56,456297;Cuiaba;90,000;29,64940482
-15,4191704;-56,456297;Cuiaba;95,000;29,47344958
-15,4191704;-56,456297;Cuiaba;100,000;29,29654834
-15,4191704;-56,456297;Cuiaba;105,000;29,12153909
-15,4191704;-56,456297;Cuiaba;110,000;28,94842183
-15,4191704;-56,456297;Cuiaba;115,000;28,77908855
-15,4191704;-56,456297;Cuiaba;120,000;28,61448526
-15,4191704;-56,456297;Cuiaba;125,000;28,45839593
-15,4191704;-56,456297;Cuiaba;130,000;28,30987457
-15,4191704;-56,456297;Cuiaba;135,000;28,17175916
-15,4191704;-56,456297;Cuiaba;140,000;28,04404971
-15,4191704;-56,456297;Cuiaba;145,000;27,9286382
-15,4191704;-56,456297;Cuiaba;150,000;27,82457865
-15,4191704;-56,456297;Cuiaba;155,000;27,73470903
-15,4191704;-56,456297;Cuiaba;160,000;27,65997536
-15,4191704;-56,456297;Cuiaba;165,000;27,60132361
-15,4191704;-56,456297;Cuiaba;170,000;27,56064578
-15,4191704;-56,456297;Cuiaba;175,000;27,53888787
-15,4191704;-56,456297;Cuiaba;180,000;27,53699588
-22,2312801;-54,86489;Dourados;0,000;32,046
-22,2312801;-54,86489;Dourados;5,000;32,02510766
-22,2312801;-54,86489;Dourados;10,000;31,98332298
-22,2312801;-54,86489;Dourados;15,000;31,91779701
-22,2312801;-54,86489;Dourados;20,000;31,83042904
-22,2312801;-54,86489;Dourados;25,000;31,72121908
-22,2312801;-54,86489;Dourados;30,000;31,5968147
-22,2312801;-54,86489;Dourados;35,000;31,46196414
-22,2312801;-54,86489;Dourados;40,000;31,31381846
-22,2312801;-54,86489;Dourados;45,000;31,151428
-22,2312801;-54,86489;Dourados;50,000;30,97384312
-22,2312801;-54,86489;Dourados;55,000;30,78296311
-22,2312801;-54,86489;Dourados;60,000;30,57878797
-22,2312801;-54,86489;Dourados;65,000;30,36511631
-22,2312801;-54,86489;Dourados;70,000;30,1447971
-22,2312801;-54,86489;Dourados;75,000;29,92162892
-22,2312801;-54,86489;Dourados;80,000;29,69561179
-22,2312801;-54,86489;Dourados;85,000;29,46674571
-22,2312801;-54,86489;Dourados;90,000;29,23408102
-22,2312801;-54,86489;Dourados;95,000;29,00046668
-22,2312801;-54,86489;Dourados;100,000;28,76875164
-22,2312801;-54,86489;Dourados;105,000;28,5389359
-22,2312801;-54,86489;Dourados;110,000;28,31386842
-22,2312801;-54,86489;Dourados;115,000;28,09544851
-22,2312801;-54,86489;Dourados;120,000;27,88652511
-22,2312801;-54,86489;Dourados;125,000;27,68709824
-22,2312801;-54,86489;Dourados;130,000;27,50001683
-22,2312801;-54,86489;Dourados;135,000;27,32433125
-22,2312801;-54,86489;Dourados;140,000;27,16289044
-22,2312801;-54,86489;Dourados;145,000;27,01854337
-22,2312801;-54,86489;Dourados;150,000;26,89318933
-22,2312801;-54,86489;Dourados;155,000;26,78967729
-22,2312801;-54,86489;Dourados;160,000;26,70610793
-22,2312801;-54,86489;Dourados;165,000;26,64343091
-22,2312801;-54,86489;Dourados;170,000;26,60449518
-22,2312801;-54,86489;Dourados;175,000;26,59309936
-22,2312801;-54,86489;Dourados;180,000;26,60829379
-12,1997775;-39,33484;Feira de Santana;0,000;30,145
-12,1997775;-39,33484;Feira de Santana;5,000;30,11566687
-12,1997775;-39,33484;Feira de Santana;10,000;30,0759252
-12,1997775;-39,33484;Feira de Santana;15,000;30,02482877
-12,1997775;-39,33484;Feira de Santana;20,000;29,96710873
-12,1997775;-39,33484;Feira de Santana;25,000;29,90276508
-12,1997775;-39,33484;Feira de Santana;30,000;29,83463651
-12,1997775;-39,33484;Feira de Santana;35,000;29,76272302
-12,1997775;-39,33484;Feira de Santana;40,000;29,6898633
-12,1997775;-39,33484;Feira de Santana;45,000;29,61889604
-12,1997775;-39,33484;Feira de Santana;50,000;29,54792878
-12,1997775;-39,33484;Feira de Santana;55,000;29,47412283
-12,1997775;-39,33484;Feira de Santana;60,000;29,39558572
-12,1997775;-39,33484;Feira de Santana;65,000;29,31420993
-12,1997775;-39,33484;Feira de Santana;70,000;29,22810299
-12,1997775;-39,33484;Feira de Santana;75,000;29,14010358
-12,1997775;-39,33484;Feira de Santana;80,000;29,05021172
-12,1997775;-39,33484;Feira de Santana;85,000;28,96031986
-12,1997775;-39,33484;Feira de Santana;90,000;28,87042799
-12,1997775;-39,33484;Feira de Santana;95,000;28,78337482
-12,1997775;-39,33484;Feira de Santana;100,000;28,69916034
-12,1997775;-39,33484;Feira de Santana;105,000;28,61778454
-12,1997775;-39,33484;Feira de Santana;110,000;28,5411399
-12,1997775;-39,33484;Feira de Santana;115,000;28,47111887
-12,1997775;-39,33484;Feira de Santana;120,000;28,40677522
-12,1997775;-39,33484;Feira de Santana;125,000;28,35000141
-12,1997775;-39,33484;Feira de Santana;130,000;28,29795875
-12,1997775;-39,33484;Feira de Santana;135,000;28,25159348
-12,1997775;-39,33484;Feira de Santana;140,000;28,21279804
-12,1997775;-39,33484;Feira de Santana;145,000;28,18157245
-12,1997775;-39,33484;Feira de Santana;150,000;28,15697046
-12,1997775;-39,33484;Feira de Santana;155,000;28,13899209
-12,1997775;-39,33484;Feira de Santana;160,000;28,12763733
-12,1997775;-39,33484;Feira de Santana;165,000;28,12290618
-12,1997775;-39,33484;Feira de Santana;170,000;28,12195995
-12,1997775;-39,33484;Feira de Santana;175,000;28,12479864
-12,1997775;-39,33484;Feira de Santana;180,000;28,13520717
-27,571313;-48,75116;Florianopolis;0,000;27,932
-27,571313;-48,75116;Florianopolis;5,000;27,91127753
-27,571313;-48,75116;Florianopolis;10,000;27,87360032
-27,571313;-48,75116;Florianopolis;15,000;27,81896837
-27,571313;-48,75116;Florianopolis;20,000;27,74643974
-27,571313;-48,75116;Florianopolis;25,000;27,65884022
-27,571313;-48,75116;Florianopolis;30,000;27,55334403
-27,571313;-48,75116;Florianopolis;35,000;27,4308931
-27,571313;-48,75116;Florianopolis;40,000;27,29054549
-27,571313;-48,75116;Florianopolis;45,000;27,13889472
-27,571313;-48,75116;Florianopolis;50,000;26,97782464
-27,571313;-48,75116;Florianopolis;55,000;26,80733527
-27,571313;-48,75116;Florianopolis;60,000;26,62648466
-27,571313;-48,75116;Florianopolis;65,000;26,43244702
-27,571313;-48,75116;Florianopolis;70,000;26,22899009
-27,571313;-48,75116;Florianopolis;75,000;26,01988157
-27,571313;-48,75116;Florianopolis;80,000;25,8060634
-27,571313;-48,75116;Florianopolis;85,000;25,5913033
-27,571313;-48,75116;Florianopolis;90,000;25,3765432
-27,571313;-48,75116;Florianopolis;95,000;25,1617831
-27,571313;-48,75116;Florianopolis;100,000;24,94608107
-27,571313;-48,75116;Florianopolis;105,000;24,7322629
-27,571313;-48,75116;Florianopolis;110,000;24,52032859
-27,571313;-48,75116;Florianopolis;115,000;24,31310393
-27,571313;-48,75116;Florianopolis;120,000;24,11058893
-27,571313;-48,75116;Florianopolis;125,000;23,91843515
-27,571313;-48,75116;Florianopolis;130,000;23,73475875
-27,571313;-48,75116;Florianopolis;135,000;23,56615323
-27,571313;-48,75116;Florianopolis;140,000;23,41073474
-27,571313;-48,75116;Florianopolis;145,000;23,2694452
-27,571313;-48,75116;Florianopolis;150,000;23,14322655
-27,571313;-48,75116;Florianopolis;155,000;23,03490457
-27,571313;-48,75116;Florianopolis;160,000;22,94447926
-27,571313;-48,75116;Florianopolis;165,000;22,87195063
-27,571313;-48,75116;Florianopolis;170,000;22,82202833
-27,571313;-48,75116;Florianopolis;175,000;22,79565428
-27,571313;-48,75116;Florianopolis;180,000;22,79471235
-3,7933031;-38,66004;Fortaleza;0,000;32,924
-3,7933031;-38,66004;Fortaleza;5,000;32,900364
-3,7933031;-38,66004;Fortaleza;10,000;32,87010992
-3,7933031;-38,66004;Fortaleza;15,000;32,83418321
-3,7933031;-38,66004;Fortaleza;20,000;32,79542017
-3,7933031;-38,66004;Fortaleza;25,000;32,75003905
-3,7933031;-38,66004;Fortaleza;30,000;32,6989853
-3,7933031;-38,66004;Fortaleza;35,000;32,6422589
-3,7933031;-38,66004;Fortaleza;40,000;32,58553251
-3,7933031;-38,66004;Fortaleza;45,000;32,53164243
-3,7933031;-38,66004;Fortaleza;50,000;32,48531587
-3,7933031;-38,66004;Fortaleza;55,000;32,44466196
-3,7933031;-38,66004;Fortaleza;60,000;32,40589892
-3,7933031;-38,66004;Fortaleza;65,000;32,36240868
-3,7933031;-38,66004;Fortaleza;70,000;32,31608213
-3,7933031;-38,66004;Fortaleza;75,000;32,26597381
-3,7933031;-38,66004;Fortaleza;80,000;32,21492006
-3,7933031;-38,66004;Fortaleza;85,000;32,1638663
-3,7933031;-38,66004;Fortaleza;90,000;32,1118671
-3,7933031;-38,66004;Fortaleza;95,000;32,05986791
-3,7933031;-38,66004;Fortaleza;100,000;32,00786871
-3,7933031;-38,66004;Fortaleza;105,000;31,95681496
-3,7933031;-38,66004;Fortaleza;110,000;31,90859752
-3,7933031;-38,66004;Fortaleza;115,000;31,8632164
-3,7933031;-38,66004;Fortaleza;120,000;31,82161705
-3,7933031;-38,66004;Fortaleza;125,000;31,78569033
-3,7933031;-38,66004;Fortaleza;130,000;31,75449081
-3,7933031;-38,66004;Fortaleza;135,000;31,72896393
-3,7933031;-38,66004;Fortaleza;140,000;31,70721881
-3,7933031;-38,66004;Fortaleza;145,000;31,6902009
-3,7933031;-38,66004;Fortaleza;150,000;31,67791018
-3,7933031;-38,66004;Fortaleza;155,000;31,66940122
-3,7933031;-38,66004;Fortaleza;160,000;31,66561946
-3,7933031;-38,66004;Fortaleza;165,000;31,66467402
-3,7933031;-38,66004;Fortaleza;155,000;31,66940122
-3,7933031;-38,66004;Fortaleza;175,000;31,67507386
-3,7933031;-38,66004;Fortaleza;180,000;31,68831002
-25,5253592;-54,569723;Foz do Iguacu;0,000;31,382
-25,5253592;-54,569723;Foz do Iguacu;5,000;31,36490586
-25,5253592;-54,569723;Foz do Iguacu;10,000;31,33166724
-25,5253592;-54,569723;Foz do Iguacu;15,000;31,27468676
-25,5253592;-54,569723;Foz do Iguacu;20,000;31,19206506
-25,5253592;-54,569723;Foz do Iguacu;25,000;31,08855052
-25,5253592;-54,569723;Foz do Iguacu;30,000;30,96984119
-25,5253592;-54,569723;Foz do Iguacu;35,000;30,8378364
-25,5253592;-54,569723;Foz do Iguacu;40,000;30,6915865
-25,5253592;-54,569723;Foz do Iguacu;45,000;30,52919213
-25,5253592;-54,569723;Foz do Iguacu;50,000;30,35160297
-25,5253592;-54,569723;Foz do Iguacu;55,000;30,158819
-25,5253592;-54,569723;Foz do Iguacu;60,000;29,95463895
-25,5253592;-54,569723;Foz do Iguacu;65,000;29,74286149
-25,5253592;-54,569723;Foz do Iguacu;70,000;29,52728534
-25,5253592;-54,569723;Foz do Iguacu;75,000;29,30791049
-25,5253592;-54,569723;Foz do Iguacu;80,000;29,08378726
-25,5253592;-54,569723;Foz do Iguacu;85,000;28,85776468
-25,5253592;-54,569723;Foz do Iguacu;90,000;28,62984276
-25,5253592;-54,569723;Foz do Iguacu;95,000;28,40097116
-25,5253592;-54,569723;Foz do Iguacu;100,000;28,17304924
-25,5253592;-54,569723;Foz do Iguacu;105,000;27,94892601
-25,5253592;-54,569723;Foz do Iguacu;110,000;27,72955116
-25,5253592;-54,569723;Foz do Iguacu;115,000;27,5177737
-25,5253592;-54,569723;Foz do Iguacu;120,000;27,31264397
-25,5253592;-54,569723;Foz do Iguacu;125,000;27,11701099
-25,5253592;-54,569723;Foz do Iguacu;130,000;26,93087475
-25,5253592;-54,569723;Foz do Iguacu;135,000;26,7561346
-25,5253592;-54,569723;Foz do Iguacu;140,000;26,59753893
-25,5253592;-54,569723;Foz do Iguacu;145,000;26,45888643
-25,5253592;-54,569723;Foz do Iguacu;150,000;26,34017709
-25,5253592;-54,569723;Foz do Iguacu;155,000;26,24046125
-25,5253592;-54,569723;Foz do Iguacu;160,000;26,16068858
-25,5253592;-54,569723;Foz do Iguacu;165,000;26,09895972
-25,5253592;-54,569723;Foz do Iguacu;170,000;26,05622436
-25,5253592;-54,569723;Foz do Iguacu;175,000;26,03533152
-25,5253592;-54,569723;Foz do Iguacu;180,000;26,03628119
-23,3918911;-46,59336;Guarulhos;0,000;25,733
-23,3918911;-46,59336;Guarulhos;5,000;25,71406266
-23,3918911;-46,59336;Guarulhos;10,000;25,67902859
-23,3918911;-46,59336;Guarulhos;15,000;25,62789778
-23,3918911;-46,59336;Guarulhos;20,000;25,56256397
-23,3918911;-46,59336;Guarulhos;25,000;25,48113342
-23,3918911;-46,59336;Guarulhos;30,000;25,3873936
-23,3918911;-46,59336;Guarulhos;35,000;25,27945079
-23,3918911;-46,59336;Guarulhos;40,000;25,1563581
-23,3918911;-46,59336;Guarulhos;45,000;25,02190301
-23,3918911;-46,59336;Guarulhos;50,000;24,87987298
-23,3918911;-46,59336;Guarulhos;55,000;24,73594922
-23,3918911;-46,59336;Guarulhos;60,000;24,588238
-23,3918911;-46,59336;Guarulhos;65,000;24,43579243
-23,3918911;-46,59336;Guarulhos;70,000;24,27766567
-23,3918911;-46,59336;Guarulhos;75,000;24,11101711
-23,3918911;-46,59336;Guarulhos;80,000;23,93868735
-23,3918911;-46,59336;Guarulhos;85,000;23,76257011
-23,3918911;-46,59336;Guarulhos;90,000;23,58455915
-23,3918911;-46,59336;Guarulhos;95,000;23,40560132
-23,3918911;-46,59336;Guarulhos;100,000;23,22948409
-23,3918911;-46,59336;Guarulhos;105,000;23,05526059
-23,3918911;-46,59336;Guarulhos;110,000;22,88482456
-23,3918911;-46,59336;Guarulhos;115,000;22,71912286
-23,3918911;-46,59336;Guarulhos;120,000;22,56004923
-23,3918911;-46,59336;Guarulhos;125,000;22,40949741
-23,3918911;-46,59336;Guarulhos;130,000;22,26936111
-23,3918911;-46,59336;Guarulhos;135,000;22,13964036
-23,3918911;-46,59336;Guarulhos;140,000;22,02033514
-23,3918911;-46,59336;Guarulhos;145,000;21,91333918
-23,3918911;-46,59336;Guarulhos;150,000;21,8186525
-23,3918911;-46,59336;Guarulhos;155,000;21,73816882
-23,3918911;-46,59336;Guarulhos;160,000;21,67283501
-23,3918911;-46,59336;Guarulhos;165,000;21,62265107
-23,3918911;-46,59336;Guarulhos;170,000;21,58761699
-23,3918911;-46,59336;Guarulhos;175,000;21,56773279
-23,3918911;-46,59336;Guarulhos;180,000;21,56489219
-5,5194506;-47,54796;Imperatriz;0,000;30,836
-5,5194506;-47,54796;Imperatriz;5,000;30,83694357
-5,5194506;-47,54796;Imperatriz;10,000;30,82845141
-5,5194506;-47,54796;Imperatriz;15,000;30,80957993
-5,5194506;-47,54796;Imperatriz;20,000;30,77938556
-5,5194506;-47,54796;Imperatriz;25,000;30,73881187
-5,5194506;-47,54796;Imperatriz;30,000;30,6869153
-5,5194506;-47,54796;Imperatriz;35,000;30,62747013
-5,5194506;-47,54796;Imperatriz;40,000;30,56236353
-5,5194506;-47,54796;Imperatriz;45,000;30,4906519
-5,5194506;-47,54796;Imperatriz;50,000;30,41139168
-5,5194506;-47,54796;Imperatriz;55,000;30,32835716
-5,5194506;-47,54796;Imperatriz;60,000;30,24154835
-5,5194506;-47,54796;Imperatriz;65,000;30,15662668
-5,5194506;-47,54796;Imperatriz;70,000;30,07359217
-5,5194506;-47,54796;Imperatriz;75,000;29,99433195
-5,5194506;-47,54796;Imperatriz;80,000;29,91507173
-5,5194506;-47,54796;Imperatriz;85,000;29,83392436
-5,5194506;-47,54796;Imperatriz;90,000;29,74994627
-5,5194506;-47,54796;Imperatriz;95,000;29,66408103
-5,5194506;-47,54796;Imperatriz;100,000;29,57632864
-5,5194506;-47,54796;Imperatriz;105,000;29,48857625
-5,5194506;-47,54796;Imperatriz;110,000;29,39799315
-5,5194506;-47,54796;Imperatriz;115,000;29,30741004
-5,5194506;-47,54796;Imperatriz;120,000;29,2177705
-5,5194506;-47,54796;Imperatriz;125,000;29,13001812
-5,5194506;-47,54796;Imperatriz;130,000;29,04604002
-5,5194506;-47,54796;Imperatriz;135,000;28,9667798
-5,5194506;-47,54796;Imperatriz;140,000;28,89601175
-5,5194506;-47,54796;Imperatriz;145,000;28,83279229
-5,5194506;-47,54796;Imperatriz;150,000;28,77806499
-5,5194506;-47,54796;Imperatriz;155,000;28,73182987
-5,5194506;-47,54796;Imperatriz;160,000;28,69314333
-5,5194506;-47,54796;Imperatriz;165,000;28,66294896
-5,5194506;-47,54796;Imperatriz;170,000;28,64407748
-5,5194506;-47,54796;Imperatriz;175,000;28,63558531
-5,5194506;-47,54796;Imperatriz;180,000;28,63652889
-18,3992961;-49,2667735;Itumbiara;0,000;34,755
-18,3992961;-49,2667735;Itumbiara;5,000;34,71089589
-18,3992961;-49,2667735;Itumbiara;10,000;34,64473972
-18,3992961;-49,2667735;Itumbiara;15,000;34,55653149
-18,3992961;-49,2667735;Itumbiara;20,000;34,44818878
-18,3992961;-49,2667735;Itumbiara;25,000;34,31971158
-18,3992961;-49,2667735;Itumbiara;30,000;34,16918232
-18,3992961;-49,2667735;Itumbiara;35,000;33,99660101
-18,3992961;-49,2667735;Itumbiara;40,000;33,80772035
-18,3992961;-49,2667735;Itumbiara;45,000;33,61021063
-18,3992961;-49,2667735;Itumbiara;50,000;33,41557726
-18,3992961;-49,2667735;Itumbiara;55,000;33,22286146
-18,3992961;-49,2667735;Itumbiara;60,000;33,02631052
-18,3992961;-49,2667735;Itumbiara;65,000;32,81921294
-18,3992961;-49,2667735;Itumbiara;70,000;32,60156873
-18,3992961;-49,2667735;Itumbiara;75,000;32,3724191
-18,3992961;-49,2667735;Itumbiara;80,000;32,13272283
-18,3992961;-49,2667735;Itumbiara;85,000;31,88631507
-18,3992961;-49,2667735;Itumbiara;90,000;31,63511338
-18,3992961;-49,2667735;Itumbiara;95,000;31,38295291
-18,3992961;-49,2667735;Itumbiara;100,000;31,13271001
-18,3992961;-49,2667735;Itumbiara;105,000;30,88630224
-18,3992961;-49,2667735;Itumbiara;110,000;30,64372962
-18,3992961;-49,2667735;Itumbiara;115,000;30,40882728
-18,3992961;-49,2667735;Itumbiara;120,000;30,18063643
-18,3992961;-49,2667735;Itumbiara;125,000;29,96203344
-18,3992961;-49,2667735;Itumbiara;130,000;29,75589465
-18,3992961;-49,2667735;Itumbiara;135,000;29,56413763
-18,3992961;-49,2667735;Itumbiara;140,000;29,3925151
-18,3992961;-49,2667735;Itumbiara;145,000;29,24294463
-18,3992961;-49,2667735;Itumbiara;150,000;29,116385
-18,3992961;-49,2667735;Itumbiara;155,000;29,01283622
-18,3992961;-49,2667735;Itumbiara;160,000;28,93133949
-18,3992961;-49,2667735;Itumbiara;165,000;28,8728536
-18,3992961;-49,2667735;Itumbiara;170,000;28,83546098
-18,3992961;-49,2667735;Itumbiara;175,000;28,81820285
-18,3992961;-49,2667735;Itumbiara;180,000;28,82683191
-21,7289999;-43,522609;Juiz de Fora;0,000;28,197
-21,7289999;-43,522609;Juiz de Fora;5,000;28,19127511
-21,7289999;-43,522609;Juiz de Fora;10,000;28,16646724
-21,7289999;-43,522609;Juiz de Fora;15,000;28,12353056
-21,7289999;-43,522609;Juiz de Fora;20,000;28,06532749
-21,7289999;-43,522609;Juiz de Fora;25,000;27,99472049
-21,7289999;-43,522609;Juiz de Fora;30,000;27,90789297
-21,7289999;-43,522609;Juiz de Fora;35,000;27,80770736
-21,7289999;-43,522609;Juiz de Fora;40,000;27,69416368
-21,7289999;-43,522609;Juiz de Fora;45,000;27,56630776
-21,7289999;-43,522609;Juiz de Fora;50,000;27,42413962
-21,7289999;-43,522609;Juiz de Fora;55,000;27,27052169
-21,7289999;-43,522609;Juiz de Fora;60,000;27,10927057
-21,7289999;-43,522609;Juiz de Fora;65,000;26,94420286
-21,7289999;-43,522609;Juiz de Fora;70,000;26,77531856
-21,7289999;-43,522609;Juiz de Fora;75,000;26,60166351
-21,7289999;-43,522609;Juiz de Fora;80,000;26,42228357
-21,7289999;-43,522609;Juiz de Fora;85,000;26,23908703
-21,7289999;-43,522609;Juiz de Fora;90,000;26,05111976
-21,7289999;-43,522609;Juiz de Fora;95,000;25,85838173
-21,7289999;-43,522609;Juiz de Fora;100,000;25,66373542
-21,7289999;-43,522609;Juiz de Fora;105,000;25,4690891
-21,7289999;-43,522609;Juiz de Fora;110,000;25,27730522
-21,7289999;-43,522609;Juiz de Fora;115,000;25,08933795
-21,7289999;-43,522609;Juiz de Fora;120,000;24,90900386
-21,7289999;-43,522609;Juiz de Fora;125,000;24,73630296
-21,7289999;-43,522609;Juiz de Fora;130,000;24,57314354
-21,7289999;-43,522609;Juiz de Fora;135,000;24,42047976
-21,7289999;-43,522609;Juiz de Fora;140,000;24,27831162
-21,7289999;-43,522609;Juiz de Fora;145,000;24,14759326
-21,7289999;-43,522609;Juiz de Fora;150,000;24,02832468
-21,7289999;-43,522609;Juiz de Fora;155,000;23,92336833
-21,7289999;-43,522609;Juiz de Fora;160,000;23,83272421
-21,7289999;-43,522609;Juiz de Fora;165,000;23,75925477
-21,7289999;-43,522609;Juiz de Fora;170,000;23,70391415
-21,7289999;-43,522609;Juiz de Fora;175,000;23,67051895
-21,7289999;-43,522609;Juiz de Fora;180,000;23,65811502
-3,044653;-60,107193;Manaus;0,000;29,11
-3,044653;-60,107193;Manaus;5,000;29,10247171
-3,044653;-60,107193;Manaus;10,000;29,09117928
-3,044653;-60,107193;Manaus;15,000;29,07706375
-3,044653;-60,107193;Manaus;20,000;29,05824303
-3,044653;-60,107193;Manaus;25,000;29,03471714
-3,044653;-60,107193;Manaus;30,000;29,00648607
-3,044653;-60,107193;Manaus;35,000;28,97354982
-3,044653;-60,107193;Manaus;40,000;28,93779046
-3,044653;-60,107193;Manaus;45,000;28,89826696
-3,044653;-60,107193;Manaus;50,000;28,85592035
-3,044653;-60,107193;Manaus;55,000;28,81169167
-3,044653;-60,107193;Manaus;60,000;28,76463988
-3,044653;-60,107193;Manaus;65,000;28,71476498
-3,044653;-60,107193;Manaus;70,000;28,66394905
-3,044653;-60,107193;Manaus;75,000;28,61407416
-3,044653;-60,107193;Manaus;80,000;28,56796341
-3,044653;-60,107193;Manaus;85,000;28,52467576
-3,044653;-60,107193;Manaus;90,000;28,48327019
-3,044653;-60,107193;Manaus;95,000;28,44468772
-3,044653;-60,107193;Manaus;100,000;28,40610526
-3,044653;-60,107193;Manaus;105,000;28,36752279
-3,044653;-60,107193;Manaus;110,000;28,32988136
-3,044653;-60,107193;Manaus;115,000;28,294122
-3,044653;-60,107193;Manaus;120,000;28,25930368
-3,044653;-60,107193;Manaus;125,000;28,22542639
-3,044653;-60,107193;Manaus;130,000;28,19249014
-3,044653;-60,107193;Manaus;135,000;28,16425907
-3,044653;-60,107193;Manaus;140,000;28,14261525
-3,044653;-60,107193;Manaus;145,000;28,12661764
-3,044653;-60,107193;Manaus;150,000;28,11626624
-3,044653;-60,107193;Manaus;155,000;28,11062003
-3,044653;-60,107193;Manaus;160,000;28,10779692
-3,044653;-60,107193;Manaus;165,000;28,10873796
-3,044653;-60,107193;Manaus;170,000;28,1125021
-3,044653;-60,107193;Manaus;175,000;28,11720728
-3,044653;-60,107193;Manaus;180,000;28,1256766
-16,7280803;-43,921123;Montes Claros;0,000;33,565
-16,7280803;-43,921123;Montes Claros;5,000;33,5505775
-16,7280803;-43,921123;Montes Claros;10,000;33,5178865
-16,7280803;-43,921123;Montes Claros;15,000;33,46596551
-16,7280803;-43,921123;Montes Claros;20,000;33,39673752
-16,7280803;-43,921123;Montes Claros;25,000;33,31212553
-16,7280803;-43,921123;Montes Claros;30,000;33,21309104
-16,7280803;-43,921123;Montes Claros;35,000;33,10059555
-16,7280803;-43,921123;Montes Claros;40,000;32,97463906
-16,7280803;-43,921123;Montes Claros;45,000;32,83233708
-16,7280803;-43,921123;Montes Claros;50,000;32,67368959
-16,7280803;-43,921123;Montes Claros;55,000;32,50158111
-16,7280803;-43,921123;Montes Claros;60,000;32,32178063
-16,7280803;-43,921123;Montes Claros;65,000;32,13909565
-16,7280803;-43,921123;Montes Claros;70,000;31,96025667
-16,7280803;-43,921123;Montes Claros;75,000;31,78045619
-16,7280803;-43,921123;Montes Claros;80,000;31,59777121
-16,7280803;-43,921123;Montes Claros;85,000;31,40931722
-16,7280803;-43,921123;Montes Claros;90,000;31,21701724
-16,7280803;-43,921123;Montes Claros;95,000;31,02183277
-16,7280803;-43,921123;Montes Claros;100,000;30,82184079
-16,7280803;-43,921123;Montes Claros;105,000;30,61607981
-16,7280803;-43,921123;Montes Claros;110,000;30,41416483
-16,7280803;-43,921123;Montes Claros;115,000;30,21417285
-16,7280803;-43,921123;Montes Claros;120,000;30,02187287
-16,7280803;-43,921123;Montes Claros;125,000;29,84014939
-16,7280803;-43,921123;Montes Claros;130,000;29,66996391
-16,7280803;-43,921123;Montes Claros;135,000;29,51323942
-16,7280803;-43,921123;Montes Claros;140,000;29,36997594
-16,7280803;-43,921123;Montes Claros;145,000;29,24209645
-16,7280803;-43,921123;Montes Claros;150,000;29,12767796
-16,7280803;-43,921123;Montes Claros;155,000;29,02864347
-16,7280803;-43,921123;Montes Claros;160,000;28,94691598
-16,7280803;-43,921123;Montes Claros;165,000;28,88153399
-16,7280803;-43,921123;Montes Claros;170,000;28,83442049
-16,7280803;-43,921123;Montes Claros;175,000;28,8094215
-16,7280803;-43,921123;Montes Claros;180,000;28,8055755
-5,7999146;-35,292285;Natal;0,000;33,185
-5,7999146;-35,292285;Natal;5,000;33,19350316
-5,7999146;-35,292285;Natal;10,000;33,19066877
-5,7999146;-35,292285;Natal;15,000;33,17838643
-5,7999146;-35,292285;Natal;20,000;33,15571134
-5,7999146;-35,292285;Natal;25,000;33,12547788
-5,7999146;-35,292285;Natal;30,000;33,09052044
-5,7999146;-35,292285;Natal;35,000;33,05178382
-5,7999146;-35,292285;Natal;40,000;33,00832323
-5,7999146;-35,292285;Natal;45,000;32,95730426
-5,7999146;-35,292285;Natal;50,000;32,90345092
-5,7999146;-35,292285;Natal;55,000;32,85054236
-5,7999146;-35,292285;Natal;60,000;32,80235779
-5,7999146;-35,292285;Natal;65,000;32,7570076
-5,7999146;-35,292285;Natal;70,000;32,71165741
-5,7999146;-35,292285;Natal;75,000;32,66252804
-5,7999146;-35,292285;Natal;80,000;32,60961949
-5,7999146;-35,292285;Natal;85,000;32,55387655
-5,7999146;-35,292285;Natal;90,000;32,49529923
-5,7999146;-35,292285;Natal;95,000;32,43483231
-5,7999146;-35,292285;Natal;100,000;32,37436539
-5,7999146;-35,292285;Natal;105,000;32,31389847
-5,7999146;-35,292285;Natal;110,000;32,25532115
-5,7999146;-35,292285;Natal;115,000;32,19674382
-5,7999146;-35,292285;Natal;120,000;32,14194568
-5,7999146;-35,292285;Natal;125,000;32,08903713
-5,7999146;-35,292285;Natal;130,000;32,03896296
-5,7999146;-35,292285;Natal;135,000;31,99266798
-5,7999146;-35,292285;Natal;140,000;31,95109697
-5,7999146;-35,292285;Natal;145,000;31,91424994
-5,7999146;-35,292285;Natal;150,000;31,88212689
-5,7999146;-35,292285;Natal;155,000;31,85472782
-5,7999146;-35,292285;Natal;160,000;31,83110793
-5,7999146;-35,292285;Natal;165,000;31,80937763
-5,7999146;-35,292285;Natal;170,000;31,79048172
-5,7999146;-35,292285;Natal;175,000;31,77819938
-5,7999146;-35,292285;Natal;180,000;31,77536499
-30,1087957;-51,317229;Porto Alegre;0,000;31,045
-30,1087957;-51,317229;Porto Alegre;5,000;31,02984778
-30,1087957;-51,317229;Porto Alegre;10,000;30,99291425
-30,1087957;-51,317229;Porto Alegre;15,000;30,93419941
-30,1087957;-51,317229;Porto Alegre;20,000;30,85370325
-30,1087957;-51,317229;Porto Alegre;25,000;30,7523728
-30,1087957;-51,317229;Porto Alegre;30,000;30,62831401
-30,1087957;-51,317229;Porto Alegre;35,000;30,48247392
-30,1087957;-51,317229;Porto Alegre;40,000;30,31958758
-30,1087957;-51,317229;Porto Alegre;45,000;30,14344305
-30,1087957;-51,317229;Porto Alegre;50,000;29,9521463
-30,1087957;-51,317229;Porto Alegre;55,000;29,74475032
-30,1087957;-51,317229;Porto Alegre;60,000;29,52125511
-30,1087957;-51,317229;Porto Alegre;65,000;29,28734275
-30,1087957;-51,317229;Porto Alegre;70,000;29,04585428
-30,1087957;-51,317229;Porto Alegre;75,000;28,79868373
-30,1087957;-51,317229;Porto Alegre;80,000;28,54677811
-30,1087957;-51,317229;Porto Alegre;85,000;28,29013742
-30,1087957;-51,317229;Porto Alegre;90,000;28,02970868
-30,1087957;-51,317229;Porto Alegre;95,000;27,7664389
-30,1087957;-51,317229;Porto Alegre;100,000;27,50411613
-30,1087957;-51,317229;Porto Alegre;105,000;27,24274038
-30,1087957;-51,317229;Porto Alegre;110,000;26,98515268
-30,1087957;-51,317229;Porto Alegre;115,000;26,73230004
-30,1087957;-51,317229;Porto Alegre;120,000;26,48607651
-30,1087957;-51,317229;Porto Alegre;125,000;26,2493231
-30,1087957;-51,317229;Porto Alegre;130,000;26,02677491
-30,1087957;-51,317229;Porto Alegre;135,000;25,82032594
-30,1087957;-51,317229;Porto Alegre;140,000;25,63281725
-30,1087957;-51,317229;Porto Alegre;145,000;25,46519584
-30,1087957;-51,317229;Porto Alegre;150,000;25,31746172
-30,1087957;-51,317229;Porto Alegre;155,000;25,19056189
-30,1087957;-51,317229;Porto Alegre;160,000;25,08354936
-30,1087957;-51,317229;Porto Alegre;165,000;24,99737112
-30,1087957;-51,317229;Porto Alegre;170,000;24,93297419
-30,1087957;-51,317229;Porto Alegre;175,000;24,89604066
-30,1087957;-51,317229;Porto Alegre;180,000;24,88751754
-8,0432875;-35,0743061;Recife;0,000;33,996
-8,0432875;-35,0743061;Recife;5,000;34,00262764
-8,0432875;-35,0743061;Recife;10,000;34,00073403
-8,0432875;-35,0743061;Recife;15,000;33,98842556
-8,0432875;-35,0743061;Recife;20,000;33,96475542
-8,0432875;-35,0743061;Recife;25,000;33,92972361
-8,0432875;-35,0743061;Recife;30,000;33,88806417
-8,0432875;-35,0743061;Recife;35,000;33,83883028
-8,0432875;-35,0743061;Recife;40,000;33,78486236
-8,0432875;-35,0743061;Recife;45,000;33,72426681
-8,0432875;-35,0743061;Recife;50,000;33,65799042
-8,0432875;-35,0743061;Recife;55,000;33,59266084
-8,0432875;-35,0743061;Recife;60,000;33,53206528
-8,0432875;-35,0743061;Recife;65,000;33,47431014
-8,0432875;-35,0743061;Recife;70,000;33,41466139
-8,0432875;-35,0743061;Recife;75,000;33,35122542
-8,0432875;-35,0743061;Recife;80,000;33,28305542
-8,0432875;-35,0743061;Recife;85,000;33,2110982
-8,0432875;-35,0743061;Recife;90,000;33,13819417
-8,0432875;-35,0743061;Recife;95,000;33,06434334
-8,0432875;-35,0743061;Recife;100,000;32,99049251
-8,0432875;-35,0743061;Recife;105,000;32,91853529
-8,0432875;-35,0743061;Recife;110,000;32,84752487
-8,0432875;-35,0743061;Recife;115,000;32,78030168
-8,0432875;-35,0743061;Recife;120,000;32,71497209
-8,0432875;-35,0743061;Recife;125,000;32,65153612
-8,0432875;-35,0743061;Recife;130,000;32,59188737
-8,0432875;-35,0743061;Recife;135,000;32,53507904
-8,0432875;-35,0743061;Recife;140,000;32,48300473
-8,0432875;-35,0743061;Recife;145,000;32,43755807
-8,0432875;-35,0743061;Recife;150,000;32,39968585
-8,0432875;-35,0743061;Recife;155,000;32,36844126
-8,0432875;-35,0743061;Recife;160,000;32,34193071
-8,0432875;-35,0743061;Recife;165,000;32,31731376
-8,0432875;-35,0743061;Recife;170,000;32,29837765
-8,0432875;-35,0743061;Recife;175,000;32,28796279
-8,0432875;-35,0743061;Recife;180,000;32,28417557
-22,913885;-43,72618;Rio de Janeiro;0,000;29,875
-22,913885;-43,72618;Rio de Janeiro;5,000;29,85798636
-22,913885;-43,72618;Rio de Janeiro;10,000;29,81734268
-22,913885;-43,72618;Rio de Janeiro;15,000;29,75779495
-22,913885;-43,72618;Rio de Janeiro;20,000;29,68217879
-22,913885;-43,72618;Rio de Janeiro;25,000;29,5914394
-22,913885;-43,72618;Rio de Janeiro;30,000;29,48368637
-22,913885;-43,72618;Rio de Janeiro;35,000;29,36081011
-22,913885;-43,72618;Rio de Janeiro;40,000;29,22375581
-22,913885;-43,72618;Rio de Janeiro;45,000;29,07252349
-22,913885;-43,72618;Rio de Janeiro;50,000;28,90522274
-22,913885;-43,72618;Rio de Janeiro;55,000;28,72657956
-22,913885;-43,72618;Rio de Janeiro;60,000;28,54037476
-22,913885;-43,72618;Rio de Janeiro;65,000;28,35038915
-22,913885;-43,72618;Rio de Janeiro;70,000;28,15567754
-22,913885;-43,72618;Rio de Janeiro;75,000;27,95434951
-22,913885;-43,72618;Rio de Janeiro;80,000;27,74829547
-22,913885;-43,72618;Rio de Janeiro;85,000;27,53846063
-22,913885;-43,72618;Rio de Janeiro;90,000;27,32484497
-22,913885;-43,72618;Rio de Janeiro;95,000;27,10933891
-22,913885;-43,72618;Rio de Janeiro;100,000;26,89383285
-22,913885;-43,72618;Rio de Janeiro;105,000;26,6811624
-22,913885;-43,72618;Rio de Janeiro;110,000;26,47416316
-22,913885;-43,72618;Rio de Janeiro;115,000;26,27472554
-22,913885;-43,72618;Rio de Janeiro;120,000;26,08284953
-22,913885;-43,72618;Rio de Janeiro;125,000;25,90137074
-22,913885;-43,72618;Rio de Janeiro;130,000;25,73028918
-22,913885;-43,72618;Rio de Janeiro;135,000;25,57149524
-22,913885;-43,72618;Rio de Janeiro;140,000;25,42498893
-22,913885;-43,72618;Rio de Janeiro;145,000;25,29171544
-22,913885;-43,72618;Rio de Janeiro;150,000;25,17356519
-22,913885;-43,72618;Rio de Janeiro;155,000;25,07148337
-22,913885;-43,72618;Rio de Janeiro;160,000;24,98641519
-22,913885;-43,72618;Rio de Janeiro;165,000;24,92025105
-22,913885;-43,72618;Rio de Janeiro;170,000;24,87582656
-22,913885;-43,72618;Rio de Janeiro;175,000;24,85408691
-22,913885;-43,72618;Rio de Janeiro;180,000;24,85597732
-2,5606303;-44,328163;Sao Luis;0,000;29,77
-2,5606303;-44,328163;Sao Luis;5,000;29,74363987
-2,5606303;-44,328163;Sao Luis;10,000;29,71351401
-2,5606303;-44,328163;Sao Luis;15,000;29,68150528
-2,5606303;-44,328163;Sao Luis;20,000;29,64667225
-2,5606303;-44,328163;Sao Luis;25,000;29,60995636
-2,5606303;-44,328163;Sao Luis;30,000;29,57229903
-2,5606303;-44,328163;Sao Luis;35,000;29,53370027
-2,5606303;-44,328163;Sao Luis;40,000;29,49416008
-2,5606303;-44,328163;Sao Luis;45,000;29,45367845
-2,5606303;-44,328163;Sao Luis;50,000;29,41131396
-2,5606303;-44,328163;Sao Luis;55,000;29,36894947
-2,5606303;-44,328163;Sao Luis;60,000;29,32470211
-2,5606303;-44,328163;Sao Luis;65,000;29,27951331
-2,5606303;-44,328163;Sao Luis;70,000;29,23338309
-2,5606303;-44,328163;Sao Luis;75,000;29,1881943
-2,5606303;-44,328163;Sao Luis;80,000;29,14771267
-2,5606303;-44,328163;Sao Luis;85,000;29,11005534
-2,5606303;-44,328163;Sao Luis;90,000;29,07804661
-2,5606303;-44,328163;Sao Luis;95,000;29,04980362
-2,5606303;-44,328163;Sao Luis;100,000;29,02532636
-2,5606303;-44,328163;Sao Luis;105,000;29,00179053
-2,5606303;-44,328163;Sao Luis;110,000;28,97919613
-2,5606303;-44,328163;Sao Luis;115,000;28,95754317
-2,5606303;-44,328163;Sao Luis;120,000;28,93683164
-2,5606303;-44,328163;Sao Luis;125,000;28,91800297
-2,5606303;-44,328163;Sao Luis;130,000;28,90105718
-2,5606303;-44,328163;Sao Luis;135,000;28,88975998
-2,5606303;-44,328163;Sao Luis;140,000;28,88411138
-2,5606303;-44,328163;Sao Luis;145,000;28,88599424
-2,5606303;-44,328163;Sao Luis;150,000;28,89352571
-2,5606303;-44,328163;Sao Luis;155,000;28,90482291
-2,5606303;-44,328163;Sao Luis;160,000;28,91894441
-2,5606303;-44,328163;Sao Luis;165,000;28,93494877
-2,5606303;-44,328163;Sao Luis;170,000;28,952836
-2,5606303;-44,328163;Sao Luis;175,000;28,9726061
-2,5606303;-44,328163;Sao Luis;180,000;28,99331763
-23,6821604;-46,8755;Sao Paulo;0,000;25,769
-23,6821604;-46,8755;Sao Paulo;5,000;25,75387624
-23,6821604;-46,8755;Sao Paulo;10,000;25,72268348
-23,6821604;-46,8755;Sao Paulo;15,000;25,67636696
-23,6821604;-46,8755;Sao Paulo;20,000;25,61398144
-23,6821604;-46,8755;Sao Paulo;25,000;25,53647216
-23,6821604;-46,8755;Sao Paulo;30,000;25,44478435
-23,6821604;-46,8755;Sao Paulo;35,000;25,33891802
-23,6821604;-46,8755;Sao Paulo;40,000;25,21792792
-23,6821604;-46,8755;Sao Paulo;45,000;25,08654024
-23,6821604;-46,8755;Sao Paulo;50,000;24,94853591
-23,6821604;-46,8755;Sao Paulo;55,000;24,80769588
-23,6821604;-46,8755;Sao Paulo;60,000;24,6630749
-23,6821604;-46,8755;Sao Paulo;65,000;24,51372775
-23,6821604;-46,8755;Sao Paulo;70,000;24,35776396
-23,6821604;-46,8755;Sao Paulo;75,000;24,19423828
-23,6821604;-46,8755;Sao Paulo;80,000;24,02315072
-23,6821604;-46,8755;Sao Paulo;85,000;23,84733699
-23,6821604;-46,8755;Sao Paulo;90,000;23,66774232
-23,6821604;-46,8755;Sao Paulo;95,000;23,48625717
-23,6821604;-46,8755;Sao Paulo;100,000;23,30571726
-23,6821604;-46,8755;Sao Paulo;105,000;23,12612259
-23,6821604;-46,8755;Sao Paulo;110,000;22,95030885
-23,6821604;-46,8755;Sao Paulo;115,000;22,7792213
-23,6821604;-46,8755;Sao Paulo;120,000;22,61475039
-23,6821604;-46,8755;Sao Paulo;125,000;22,45784135
-23,6821604;-46,8755;Sao Paulo;130,000;22,31038467
-23,6821604;-46,8755;Sao Paulo;135,000;22,17521605
-23,6821604;-46,8755;Sao Paulo;140,000;22,05139025
-23,6821604;-46,8755;Sao Paulo;145,000;21,93985251
-23,6821604;-46,8755;Sao Paulo;150,000;21,83965758
-23,6821604;-46,8755;Sao Paulo;155,000;21,75553166
-23,6821604;-46,8755;Sao Paulo;160,000;21,68652949
-23,6821604;-46,8755;Sao Paulo;165,000;21,63076062
-23,6821604;-46,8755;Sao Paulo;170,000;21,59106074
-23,6821604;-46,8755;Sao Paulo;175,000;21,56932034
-23,6821604;-46,8755;Sao Paulo;180,000;21,5655394
-11,8707568;-55,5764215;Sinop;0,000;31,466
-11,8707568;-55,5764215;Sinop;5,000;31,44419075
-11,8707568;-55,5764215;Sinop;10,000;31,40626163
-11,8707568;-55,5764215;Sinop;15,000;31,35505732
-11,8707568;-55,5764215;Sinop;20,000;31,29342249
-11,8707568;-55,5764215;Sinop;25,000;31,22135716
-11,8707568;-55,5764215;Sinop;30,000;31,13886132
-11,8707568;-55,5764215;Sinop;35,000;31,04877965
-11,8707568;-55,5764215;Sinop;40,000;30,9558533
-11,8707568;-55,5764215;Sinop;45,000;30,85723758
-11,8707568;-55,5764215;Sinop;50,000;30,75008781
-11,8707568;-55,5764215;Sinop;55,000;30,63345576
-11,8707568;-55,5764215;Sinop;60,000;30,50828966
-11,8707568;-55,5764215;Sinop;65,000;30,3745895
-11,8707568;-55,5764215;Sinop;70,000;30,23330352
-11,8707568;-55,5764215;Sinop;75,000;30,08632817
-11,8707568;-55,5764215;Sinop;80,000;29,93650814
-11,8707568;-55,5764215;Sinop;85,000;29,78479165
-11,8707568;-55,5764215;Sinop;90,000;29,63497161
-11,8707568;-55,5764215;Sinop;95,000;29,48420335
-11,8707568;-55,5764215;Sinop;100,000;29,33438332
-11,8707568;-55,5764215;Sinop;105,000;29,18361506
-11,8707568;-55,5764215;Sinop;110,000;29,03569148
-11,8707568;-55,5764215;Sinop;115,000;28,89156081
-11,8707568;-55,5764215;Sinop;120,000;28,75217129
-11,8707568;-55,5764215;Sinop;125,000;28,62131581
-11,8707568;-55,5764215;Sinop;130,000;28,49899439
-11,8707568;-55,5764215;Sinop;135,000;28,38520703
-11,8707568;-55,5764215;Sinop;140,000;28,28090194
-11,8707568;-55,5764215;Sinop;145,000;28,18797559
-11,8707568;-55,5764215;Sinop;150,000;28,10642798
-11,8707568;-55,5764215;Sinop;155,000;28,03910378
-11,8707568;-55,5764215;Sinop;160,000;27,98505479
-11,8707568;-55,5764215;Sinop;165,000;27,94428098
-11,8707568;-55,5764215;Sinop;170,000;27,91773059
-11,8707568;-55,5764215;Sinop;175,000;27,90350717
-11,8707568;-55,5764215;Sinop;175,000;27,90350717
-20,2821776;-40,355744;Vitoria;0,000;25,106
-20,2821776;-40,355744;Vitoria;5,000;25,10277777
-20,2821776;-40,355744;Vitoria;10,000;25,08263884
-20,2821776;-40,355744;Vitoria;15,000;25,0455832
-20,2821776;-40,355744;Vitoria;20,000;24,99483309
-20,2821776;-40,355744;Vitoria;25,000;24,92958294
-20,2821776;-40,355744;Vitoria;30,000;24,85627723
-20,2821776;-40,355744;Vitoria;35,000;24,77411038
-20,2821776;-40,355744;Vitoria;40,000;24,68147128
-20,2821776;-40,355744;Vitoria;45,000;24,57755439
-20,2821776;-40,355744;Vitoria;50,000;24,46235969
-20,2821776;-40,355744;Vitoria;55,000;24,3374983
-20,2821776;-40,355744;Vitoria;60,000;24,20135911
-20,2821776;-40,355744;Vitoria;65,000;24,0579699
-20,2821776;-40,355744;Vitoria;70,000;23,9089418
-20,2821776;-40,355744;Vitoria;75,000;23,75669146
-20,2821776;-40,355744;Vitoria;80,000;23,60283001
-20,2821776;-40,355744;Vitoria;85,000;23,44735744
-20,2821776;-40,355744;Vitoria;90,000;23,2894682
-20,2821776;-40,355744;Vitoria;95,000;23,12996785
-20,2821776;-40,355744;Vitoria;100,000;22,97127305
-20,2821776;-40,355744;Vitoria;105,000;22,81257826
-20,2821776;-40,355744;Vitoria;110,000;22,65791125
-20,2821776;-40,355744;Vitoria;115,000;22,50566091
-20,2821776;-40,355744;Vitoria;120,000;22,35985503
-20,2821776;-40,355744;Vitoria;125,000;22,21968806
-20,2821776;-40,355744;Vitoria;130,000;22,0867711
-20,2821776;-40,355744;Vitoria;135,000;21,96271527
-20,2821776;-40,355744;Vitoria;140,000;21,84752057
-20,2821776;-40,355744;Vitoria;145,000;21,74279811
-20,2821776;-40,355744;Vitoria;150,000;21,6485479
-20,2821776;-40,355744;Vitoria;155,000;21,56799217
-20,2821776;-40,355744;Vitoria;160,000;21,4995198
-20,2821776;-40,355744;Vitoria;165,000;21,44554746
-20,2821776;-40,355744;Vitoria;170,000;21,40849182
-20,2821776;-40,355744;Vitoria;175,000;21,39157511
-20,2821776;-40,355744;Vitoria;180,000;21,39318623
