LAT_LON;CIDADE;ÂNGULO;FATOR
-3,2081547,-52,2086;Altamira;0;1,0
-3,2081547,-52,2086;Altamira;5;0,9990295345000485
-3,2081547,-52,2086;Altamira;10;0,99780027820011
-3,2081547,-52,2086;Altamira;15;0,9963769288001811
-3,2081547,-52,2086;Altamira;20;0,9947918351502604
-3,2081547,-52,2086;Altamira;25;0,9930449972503478
-3,2081547,-52,2086;Altamira;30;0,9911364151004431
-3,2081547,-52,2086;Altamira;35;0,9890660887005467
-3,2081547,-52,2086;Altamira;40;0,9867693203506616
-3,2081547,-52,2086;Altamira;45;0,9844725520007763
-3,2081547,-52,2086;Altamira;50;0,9822728302008864
-3,2081547,-52,2086;Altamira;55;0,9802672015009867
-3,2081547,-52,2086;Altamira;60;0,9784880147510756
-3,2081547,-52,2086;Altamira;65;0,9767411768511629
-3,2081547,-52,2086;Altamira;70;0,9748972924012551
-3,2081547,-52,2086;Altamira;75;0,973021059101349
-3,2081547,-52,2086;Altamira;80;0,9710477792514476
-3,2081547,-52,2086;Altamira;85;0,9690744994015463
-3,2081547,-52,2086;Altamira;90;0,967101219551645
-3,2081547,-52,2086;Altamira;95;0,9650955908517452
-3,2081547,-52,2086;Altamira;100;0,9631546598518422
-3,2081547,-52,2086;Altamira;105;0,9613107754019344
-3,2081547,-52,2086;Altamira;110;0,9595315886520234
-3,2081547,-52,2086;Altamira;115;0,9579464950021027
-3,2081547,-52,2086;Altamira;120;0,9564907967521754
-3,2081547,-52,2086;Altamira;125;0,9551968427522401
-3,2081547,-52,2086;Altamira;130;0,9539675864523016
-3,2081547,-52,2086;Altamira;135;0,952900074402355
-3,2081547,-52,2086;Altamira;140;0,9519943066024003
-3,2081547,-52,2086;Altamira;145;0,9512502830524375
-3,2081547,-52,2086;Altamira;150;0,950700352602465
-3,2081547,-52,2086;Altamira;155;0,9503121664024844
-3,2081547,-52,2086;Altamira;160;0,9501504221524925
-3,2081547,-52,2086;Altamira;165;0,9501827710024908
-3,2081547,-52,2086;Altamira;170;0,9504092129524795
-3,2081547,-52,2086;Altamira;175;0,9508944457024553
-3,2081547,-52,2086;Altamira;180;0,9515737715524213
-20,4613172,-55,777153;Aquidauana;0;1,0
-20,4613172,-55,777153;Aquidauana;5;0,9998264491496008
-20,4613172,-55,777153;Aquidauana;10;0,9989008446141386
-20,4613172,-55,777153;Aquidauana;15;0,9972810366770797
-20,4613172,-55,777153;Aquidauana;20;0,9949381001966909
-20,4613172,-55,777153;Aquidauana;25;0,9920455860233716
-20,4613172,-55,777153;Aquidauana;30;0,9887191947240541
-20,4613172,-55,777153;Aquidauana;35;0,9849589262987388
-20,4613172,-55,777153;Aquidauana;40;0,9807069304639593
-20,4613172,-55,777153;Aquidauana;45;0,9760210575031818
-20,4613172,-55,777153;Aquidauana;50;0,9709013074164063
-20,4613172,-55,777153;Aquidauana;55;0,9652898299201667
-20,4613172,-55,777153;Aquidauana;60;0,9592155501561958
-20,4613172,-55,777153;Aquidauana;65;0,9527652435496934
-20,4613172,-55,777153;Aquidauana;70;0,9460835358093255
-20,4613172,-55,777153;Aquidauana;75;0,9392861275020248
-20,4613172,-55,777153;Aquidauana;80;0,9324019437695245
-20,4613172,-55,777153;Aquidauana;85;0,925344209186625
-20,4613172,-55,777153;Aquidauana;90;0,9182286243202592
-20,4613172,-55,777153;Aquidauana;95;0,9110841143121601
-20,4613172,-55,777153;Aquidauana;100;0,9039106791623279
-20,4613172,-55,777153;Aquidauana;105;0,896795094295962
-20,4613172,-55,777153;Aquidauana;110;0,889795209996529
-20,4613172,-55,777153;Aquidauana;115;0,8829688765474951
-20,4613172,-55,777153;Aquidauana;120;0,8763739442323267
-20,4613172,-55,777153;Aquidauana;125;0,8700682633344904
-20,4613172,-55,777153;Aquidauana;130;0,8640807589957191
-20,4613172,-55,777153;Aquidauana;135;0,8584982066412126
-20,4613172,-55,777153;Aquidauana;140;0,8532916811292375
-20,4613172,-55,777153;Aquidauana;145;0,8485768830267268
-20,4613172,-55,777153;Aquidauana;150;0,8443827374754136
-20,4613172,-55,777153;Aquidauana;155;0,8407670947587643
-20,4613172,-55,777153;Aquidauana;160;0,8377010297350457
-20,4613172,-55,777153;Aquidauana;165;0,8353002429711905
-20,4613172,-55,777153;Aquidauana;170;0,8336515098923984
-20,4613172,-55,777153;Aquidauana;175;0,8328705310656023
-20,4613172,-55,777153;Aquidauana;180;0,8329573064908018
-22,4803709,-48,56096;Barra Bonita;0;1,0
-22,4803709,-48,56096;Barra Bonita;5;0,9990133358795633
-22,4803709,-48,56096;Barra Bonita;10;0,9973901142620707
-22,4803709,-48,56096;Barra Bonita;15;0,9951303351475222
-22,4803709,-48,56096;Barra Bonita;20;0,9922658264107705
-22,4803709,-48,56096;Barra Bonita;25;0,9888602438015214
-22,4803709,-48,56096;Barra Bonita;30;0,9848499315700691
-22,4803709,-48,56096;Barra Bonita;35;0,9802030618415608
-22,4803709,-48,56096;Barra Bonita;40;0,9750151182405551
-22,4803709,-48,56096;Barra Bonita;45;0,9696043795155798
-22,4803709,-48,56096;Barra Bonita;50;0,9640981571660461
-22,4803709,-48,56096;Barra Bonita;55;0,9584009675673956
-22,4803709,-48,56096;Barra Bonita;60;0,952544638594481
-22,4803709,-48,56096;Barra Bonita;65;0,9463382029981858
-22,4803709,-48,56096;Barra Bonita;70;0,939749832903657
-22,4803709,-48,56096;Barra Bonita;75;0,9328431840606003
-22,4803709,-48,56096;Barra Bonita;80;0,9256819122187212
-22,4803709,-48,56096;Barra Bonita;85;0,9183933288774309
-22,4803709,-48,56096;Barra Bonita;90;0,9110410897864349
-22,4803709,-48,56096;Barra Bonita;95;0,9037206785702918
-22,4803709,-48,56096;Barra Bonita;100;0,8964639231038544
-22,4803709,-48,56096;Barra Bonita;105;0,8893026512619753
-22,4803709,-48,56096;Barra Bonita;110;0,8822368630446545
-22,4803709,-48,56096;Barra Bonita;115;0,8753620420764505
-22,4803709,-48,56096;Barra Bonita;120;0,8686781883573633
-22,4803709,-48,56096;Barra Bonita;125;0,8623126133868042
-22,4803709,-48,56096;Barra Bonita;130;0,8563289729144785
-22,4803709,-48,56096;Barra Bonita;135;0,8508227505649448
-22,4803709,-48,56096;Barra Bonita;140;0,8458257742130558
-22,4803709,-48,56096;Barra Bonita;145;0,8414016996085172
-22,4803709,-48,56096;Barra Bonita;150;0,8375505267513288
-22,4803709,-48,56096;Barra Bonita;155;0,8343359113911964
-22,4803709,-48,56096;Barra Bonita;160;0,8317896814029727
-22,4803709,-48,56096;Barra Bonita;165;0,8299118367866578
-22,4803709,-48,56096;Barra Bonita;170;0,8287023775422515
-22,4803709,-48,56096;Barra Bonita;175;0,8281613036697539
-22,4803709,-48,56096;Barra Bonita;180;0,8282886151691652
-1,3413479,-48,59081;Belem;0;1,0
-1,3413479,-48,59081;Belem;5;1,0001260716086737
-1,3413479,-48,59081;Belem;5;1,0001260716086737
-1,3413479,-48,59081;Belem;15;0,9999369641956631
-1,3413479,-48,59081;Belem;20;0,999558749369642
-1,3413479,-48,59081;Belem;25;0,9989914271306102
-1,3413479,-48,59081;Belem;30;0,9982665153807363
-1,3413479,-48,59081;Belem;35;0,9974155320221886
-1,3413479,-48,59081;Belem;40;0,9964699949571356
-1,3413479,-48,59081;Belem;45;0,9953668683812406
-1,3413479,-48,59081;Belem;50;0,9941376701966718
-1,3413479,-48,59081;Belem;55;0,9927824004034291
-1,3413479,-48,59081;Belem;60;0,9913956127080181
-1,3413479,-48,59081;Belem;65;0,9900403429147756
-1,3413479,-48,59081;Belem;70;0,9888111447302067
-1,3413479,-48,59081;Belem;75;0,9877080181543116
-1,3413479,-48,59081;Belem;80;0,986636409480585
-1,3413479,-48,59081;Belem;85;0,9855332829046899
-1,3413479,-48,59081;Belem;90;0,9843356026222895
-1,3413479,-48,59081;Belem;95;0,9830748865355522
-1,3413479,-48,59081;Belem;100;0,981751134644478
-1,3413479,-48,59081;Belem;105;0,9804589006555724
-1,3413479,-48,59081;Belem;110;0,9791351487644983
-1,3413479,-48,59081;Belem;115;0,9778429147755925
-1,3413479,-48,59081;Belem;120;0,9765506807866868
-1,3413479,-48,59081;Belem;125;0,975321482602118
-1,3413479,-48,59081;Belem;130;0,9740922844175491
-1,3413479,-48,59081;Belem;135;0,9728946041351487
-1,3413479,-48,59081;Belem;140;0,9717284417549168
-1,3413479,-48,59081;Belem;145;0,9706568330811901
-1,3413479,-48,59081;Belem;150;0,9697112960161371
-1,3413479,-48,59081;Belem;155;0,9689548663640948
-1,3413479,-48,59081;Belem;160;0,9684505799293999
-1,3413479,-48,59081;Belem;165;0,9681354009077155
-1,3413479,-48,59081;Belem;170;0,9679147755925366
-1,3413479,-48,59081;Belem;175;0,967725668179526
-1,3413479,-48,59081;Belem;180;0,9676941502773575
-15,7217173,-48,0777;Brasilia;0;1,0
-15,7217173,-48,0777;Brasilia;5;0,9986204566570005
-15,7217173,-48,0777;Brasilia;10;0,9966215265069399
-15,7217173,-48,0777;Brasilia;15;0,9940876713871449
-15,7217173,-48,0777;Brasilia;20;0,9911596610264929
-15,7217173,-48,0777;Brasilia;25;0,9876967256961063
-15,7217173,-48,0777;Brasilia;30;0,9836988653959853
-15,7217173,-48,0777;Brasilia;35;0,9791097722345786
-15,7217173,-48,0777;Brasilia;40;0,9739857541034376
-15,7217173,-48,0777;Brasilia;45;0,9684957346772151
-15,7217173,-48,0777;Brasilia;50;0,9628649455221149
-15,7217173,-48,0777;Brasilia;55;0,9573467721501169
-15,7217173,-48,0777;Brasilia;60;0,9520538303443228
-15,7217173,-48,0777;Brasilia;65;0,9468735043216306
-15,7217173,-48,0777;Brasilia;70;0,9415242546242856
-15,7217173,-48,0777;Brasilia;75;0,935977927306512
-15,7217173,-48,0777;Brasilia;80;0,9302626763140854
-15,7217173,-48,0777;Brasilia;85;0,9243785016470059
-15,7217173,-48,0777;Brasilia;90;0,9183254033052732
-15,7217173,-48,0777;Brasilia;95;0,9121315352346632
-15,7217173,-48,0777;Brasilia;100;0,905825051380951
-15,7217173,-48,0777;Brasilia;105;0,8995467214730144
-15,7217173,-48,0777;Brasilia;110;0,8933246994566288
-15,7217173,-48,0777;Brasilia;115;0,8872434471691207
-15,7217173,-48,0777;Brasilia;120;0,8813592725020412
-15,7217173,-48,0777;Brasilia;125;0,8756440215096146
-15,7217173,-48,0777;Brasilia;130;0,870266617866494
-15,7217173,-48,0777;Brasilia;135;0,8653678313015569
-15,7217173,-48,0777;Brasilia;140;0,8610039697063544
-15,7217173,-48,0777;Brasilia;145;0,8572031870266618
-15,7217173,-48,0777;Brasilia;150;0,8540499450998057
-15,7217173,-48,0777;Brasilia;155;0,8514316281426842
-15,7217173,-48,0777;Brasilia;160;0,8494045440468482
-15,7217173,-48,0777;Brasilia;165;0,8479686928122977
-15,7217173,-48,0777;Brasilia;170;0,8471240744390326
-15,7217173,-48,0777;Brasilia;175;0,8469269968186042
-15,7217173,-48,0777;Brasilia;180;0,8474337678425632
-10,2116585,-63,851330;Buritis;0;1,0
-10,2116585,-63,851330;Buritis;5;0,999885756718933
-10,2116585,-63,851330;Buritis;10;0,9993145403135978
-10,2116585,-63,851330;Buritis;15;0,9982863507839945
-10,2116585,-63,851330;Buritis;20;0,9968011881301231
-10,2116585,-63,851330;Buritis;25;0,9948019307114501
-10,2116585,-63,851330;Buritis;30;0,9923171393482421
-10,2116585,-63,851330;Buritis;35;0,989489618141833
-10,2116585,-63,851330;Buritis;40;0,9863479279124896
-10,2116585,-63,851330;Buritis;45;0,982892068660212
-10,2116585,-63,851330;Buritis;50;0,9792648444863337
-10,2116585,-63,851330;Buritis;55;0,9755519378516551
-10,2116585,-63,851330;Buritis;60;0,9719532744980436
-10,2116585,-63,851330;Buritis;65;0,9684117327849656
-10,2116585,-63,851330;Buritis;70;0,964813069431354
-10,2116585,-63,851330;Buritis;75;0,9610144803358752
-10,2116585,-63,851330;Buritis;80;0,9570445263187959
-10,2116585,-63,851330;Buritis;85;0,9528746465598492
-10,2116585,-63,851330;Buritis;90;0,9485619626995687
-10,2116585,-63,851330;Buritis;95;0,9441350355582212
-10,2116585,-63,851330;Buritis;100;0,9395938651358067
-10,2116585,-63,851330;Buritis;105;0,9349955730728586
-10,2116585,-63,851330;Buritis;110;0,9303972810099106
-10,2116585,-63,851330;Buritis;115;0,9258846714077629
-10,2116585,-63,851330;Buritis;120;0,9214291834461485
-10,2116585,-63,851330;Buritis;125;0,9171450604061349
-10,2116585,-63,851330;Buritis;130;0,9130323022877217
-10,2116585,-63,851330;Buritis;135;0,9092051523719761
-10,2116585,-63,851330;Buritis;140;0,9057492931196984
-10,2116585,-63,851330;Buritis;145;0,902721846171422
-10,2116585,-63,851330;Buritis;150;0,9000656898866135
-10,2116585,-63,851330;Buritis;155;0,8977237026247393
-10,2116585,-63,851330;Buritis;160;0,8956958843857996
-10,2116585,-63,851330;Buritis;165;0,8940393568103276
-10,2116585,-63,851330;Buritis;170;0,8928683631793906
-10,2116585,-63,851330;Buritis;175;0,8922400251335219
-10,2116585,-63,851330;Buritis;180;0,892211464313255
-20,8521352,-41,175078;Cachoeiro de Itapemirim;0;1,0
-20,8521352,-41,175078;Cachoeiro de Itapemirim;5;0,9999351049677148
-20,8521352,-41,175078;Cachoeiro de Itapemirim;10;0,9992212596125767
-20,8521352,-41,175078;Cachoeiro de Itapemirim;15;0,9978260164184432
-20,8521352,-41,175078;Cachoeiro de Itapemirim;20;0,9958142704175995
-20,8521352,-41,175078;Cachoeiro de Itapemirim;25;0,993348259190759
-20,8521352,-41,175078;Cachoeiro de Itapemirim;30;0,990460430254064
-20,8521352,-41,175078;Cachoeiro de Itapemirim;35;0,9871507836075148
-20,8521352,-41,175078;Cachoeiro de Itapemirim;40;0,9833219767026834
-20,8521352,-41,175078;Cachoeiro de Itapemirim;45;0,979038904571855
-20,8521352,-41,175078;Cachoeiro de Itapemirim;50;0,9743015672150297
-20,8521352,-41,175078;Cachoeiro de Itapemirim;55;0,9691748596644927
-20,8521352,-41,175078;Cachoeiro de Itapemirim;60;0,9635938868879588
-20,8521352,-41,175078;Cachoeiro de Itapemirim;65;0,9576884389499983
-20,8521352,-41,175078;Cachoeiro de Itapemirim;70;0,9516532009474675
-20,8521352,-41,175078;Cachoeiro de Itapemirim;75;0,945488172880366
-20,8521352,-41,175078;Cachoeiro de Itapemirim;80;0,9392258022648367
-20,8521352,-41,175078;Cachoeiro de Itapemirim;85;0,9328336415847367
-20,8521352,-41,175078;Cachoeiro de Itapemirim;90;0,9263441383562089
-20,8521352,-41,175078;Cachoeiro de Itapemirim;95;0,9198221876115383
-20,8521352,-41,175078;Cachoeiro de Itapemirim;100;0,9132353418345825
-20,8521352,-41,175078;Cachoeiro de Itapemirim;105;0,9066809435737694
-20,8521352,-41,175078;Cachoeiro de Itapemirim;110;0,9002238878613842
-20,8521352,-41,175078;Cachoeiro de Itapemirim;115;0,8939290697297122
-20,8521352,-41,175078;Cachoeiro de Itapemirim;120;0,8877964891787533
-20,8521352,-41,175078;Cachoeiro de Itapemirim;125;0,8819559362730783
-20,8521352,-41,175078;Cachoeiro de Itapemirim;130;0,8764398585288297
-20,8521352,-41,175078;Cachoeiro de Itapemirim;135;0,8712158084298647
-20,8521352,-41,175078;Cachoeiro de Itapemirim;140;0,8664135760407541
-20,8521352,-41,175078;Cachoeiro de Itapemirim;145;0,8620331613614978
-20,8521352,-41,175078;Cachoeiro de Itapemirim;150;0,8580745643920958
-20,8521352,-41,175078;Cachoeiro de Itapemirim;155;0,8546026801648334
-20,8521352,-41,175078;Cachoeiro de Itapemirim;160;0,8516499561958532
-20,8521352,-41,175078;Cachoeiro de Itapemirim;165;0,8492488400012979
-20,8521352,-41,175078;Cachoeiro de Itapemirim;170;0,8475940166780233
-20,8521352,-41,175078;Cachoeiro de Itapemirim;175;0,8467179337421721
-20,8521352,-41,175078;Cachoeiro de Itapemirim;180;0,8466205911937441
-20,4810434,-54,775965;Campo Grande;0;1,0
-20,4810434,-54,775965;Campo Grande;5;0,9996228276322279
-20,4810434,-54,775965;Campo Grande;10;0,9986363768242087
-20,4810434,-54,775965;Campo Grande;15;0,9968955812806453
-20,4810434,-54,775965;Campo Grande;20;0,9944584675196565
-20,4810434,-54,775965;Campo Grande;25;0,9913250355412423
-20,4810434,-54,775965;Campo Grande;30;0,987727391417878
-20,4810434,-54,775965;Campo Grande;35;0,9837815881858009
-20,4810434,-54,775965;Campo Grande;40;0,9794295993268924
-20,4810434,-54,775965;Campo Grande;45;0,9745843850639743
-20,4810434,-54,775965;Campo Grande;50;0,9693329851742246
-20,4810434,-54,775965;Campo Grande;55;0,9636753996576436
-20,4810434,-54,775965;Campo Grande;60;0,957611628514231
-20,4810434,-54,775965;Campo Grande;65;0,951141671743987
-20,4810434,-54,775965;Campo Grande;70;0,9444105956422085
-20,4810434,-54,775965;Campo Grande;75;0,9375344532451331
-20,4810434,-54,775965;Campo Grande;80;0,9305712710708794
-20,4810434,-54,775965;Campo Grande;85;0,9235210491194475
-20,4810434,-54,775965;Campo Grande;90;0,9163837873908376
-20,4810434,-54,775965;Campo Grande;95;0,9091884991441088
-20,4810434,-54,775965;Campo Grande;100;0,90199321089738
-20,4810434,-54,775965;Campo Grande;105;0,8948269359097107
-20,4810434,-54,775965;Campo Grande;110;0,887776713958279
-20,4810434,-54,775965;Campo Grande;115;0,880871558302144
-20,4810434,-54,775965;Campo Grande;120;0,8741694954594249
-20,4810434,-54,775965;Campo Grande;125;0,8677285519482404
-20,4810434,-54,775965;Campo Grande;130;0,8615487277685903
-20,4810434,-54,775965;Campo Grande;135;0,8557460759567123
-20,4810434,-54,775965;Campo Grande;140;0,8503496097716656
-20,4810434,-54,775965;Campo Grande;145;0,8454753822496881
-20,4810434,-54,775965;Campo Grande;150;0,8411814199088984
-20,4810434,-54,775965;Campo Grande;155;0,8374967360083558
-20,4810434,-54,775965;Campo Grande;160;0,8344213305480604
-20,4810434,-54,775965;Campo Grande;165;0,8319552035280123
-20,4810434,-54,775965;Campo Grande;170;0,8303594742797459
-20,4810434,-54,775965;Campo Grande;175;0,8296921693213799
-20,4810434,-54,775965;Campo Grande;180;0,8298082223576174
-24,9637543,-53,542564;Cascavel;0;1,0
-24,9637543,-53,542564;Cascavel;5;0,998991565823249
-24,9637543,-53,542564;Cascavel;10;0,997371959418164
-24,9637543,-53,542564;Cascavel;15;0,9951411807847451
-24,9637543,-53,542564;Cascavel;20;0,9921464368659089
-24,9637543,-53,542564;Cascavel;25;0,9883571690502384
-24,9637543,-53,542564;Cascavel;30;0,9840789634519007
-24,9637543,-53,542564;Cascavel;35;0,9793423786823127
-24,9637543,-53,542564;Cascavel;40;0,9743002077985576
-24,9637543,-53,542564;Cascavel;45;0,9687996577435521
-24,9637543,-53,542564;Cascavel;50;0,9627796112944628
-24,9637543,-53,542564;Cascavel;55;0,9563011856741229
-24,9637543,-53,542564;Cascavel;60;0,9494254981053661
-24,9637543,-53,542564;Cascavel;65;0,9422136658110255
-24,9637543,-53,542564;Cascavel;70;0,9348184818481848
-24,9637543,-53,542564;Cascavel;75;0,9273621806625107
-24,9637543,-53,542564;Cascavel;80;0,9198142036425865
-24,9637543,-53,542564;Cascavel;85;0,9122051093998289
-24,9637543,-53,542564;Cascavel;90;0,9045654565456546
-24,9637543,-53,542564;Cascavel;95;0,8969258036914802
-24,9637543,-53,542564;Cascavel;100;0,8893167094487227
-24,9637543,-53,542564;Cascavel;105;0,8817992910402151
-24,9637543,-53,542564;Cascavel;110;0,8744041070773744
-24,9637543,-53,542564;Cascavel;115;0,8672533920058673
-24,9637543,-53,542564;Cascavel;120;0,8603777044371104
-24,9637543,-53,542564;Cascavel;125;0,8538076029825205
-24,9637543,-53,542564;Cascavel;130;0,8475430876420975
-24,9637543,-53,542564;Cascavel;135;0,841736951472925
-24,9637543,-53,542564;Cascavel;140;0,8364808703092531
-24,9637543,-53,542564;Cascavel;145;0,8318665199853319
-24,9637543,-53,542564;Cascavel;150;0,8279855763354114
-24,9637543,-53,542564;Cascavel;155;0,8247463635252414
-24,9637543,-53,542564;Cascavel;160;0,8221794401662389
-24,9637543,-53,542564;Cascavel;165;0,8202848062584036
-24,9637543,-53,542564;Cascavel;170;0,8190624618017357
-24,9637543,-53,542564;Cascavel;175;0,8185735240190686
-24,9637543,-53,542564;Cascavel;180;0,8189707859674856
-13,6582185,-59,82911;Comodoro;0;1,0
-13,6582185,-59,82911;Comodoro;5;0,9989938446969697
-13,6582185,-59,82911;Comodoro;10;0,9975437973484849
-13,6582185,-59,82911;Comodoro;15;0,9956498579545454
-13,6582185,-59,82911;Comodoro;20;0,9932824337121212
-13,6582185,-59,82911;Comodoro;25;0,9906190814393939
-13,6582185,-59,82911;Comodoro;30;0,9876598011363636
-13,6582185,-59,82911;Comodoro;35;0,9843158143939394
-13,6582185,-59,82911;Comodoro;40;0,9805871212121212
-13,6582185,-59,82911;Comodoro;45;0,9765033143939394
-13,6582185,-59,82911;Comodoro;50;0,9720939867424242
-13,6582185,-59,82911;Comodoro;55;0,9673295454545454
-13,6582185,-59,82911;Comodoro;60;0,9624467329545454
-13,6582185,-59,82911;Comodoro;65;0,9575639204545454
-13,6582185,-59,82911;Comodoro;70;0,952829071969697
-13,6582185,-59,82911;Comodoro;75;0,9481534090909091
-13,6582185,-59,82911;Comodoro;80;0,9435073390151515
-13,6582185,-59,82911;Comodoro;85;0,9388020833333334
-13,6582185,-59,82911;Comodoro;90;0,9340672348484849
-13,6582185,-59,82911;Comodoro;95;0,9292732007575758
-13,6582185,-59,82911;Comodoro;100;0,9244199810606061
-13,6582185,-59,82911;Comodoro;105;0,9195371685606061
-13,6582185,-59,82911;Comodoro;110;0,9147135416666666
-13,6582185,-59,82911;Comodoro;115;0,9100082859848485
-13,6582185,-59,82911;Comodoro;120;0,9054805871212122
-13,6582185,-59,82911;Comodoro;125;0,9012488162878788
-13,6582185,-59,82911;Comodoro;130;0,8973721590909091
-13,6582185,-59,82911;Comodoro;135;0,8939393939393939
-13,6582185,-59,82911;Comodoro;140;0,8909505208333334
-13,6582185,-59,82911;Comodoro;145;0,8883167613636364
-13,6582185,-59,82911;Comodoro;150;0,8861268939393939
-13,6582185,-59,82911;Comodoro;155;0,8843513257575758
-13,6582185,-59,82911;Comodoro;160;0,8829604640151515
-13,6582185,-59,82911;Comodoro;165;0,8819839015151515
-13,6582185,-59,82911;Comodoro;170;0,8814808238636364
-13,6582185,-59,82911;Comodoro;170;0,8814808238636364
-13,6582185,-59,82911;Comodoro;180;0,8819247159090909
-18,1878123,-55,253195;Coxim;0;1,0
-18,1878123,-55,253195;Coxim;0;1,0
-18,1878123,-55,253195;Coxim;10;0,9993565558187827
-18,1878123,-55,253195;Coxim;15;0,9980696674563482
-18,1878123,-55,253195;Coxim;20;0,9961393349126964
-18,1878123,-55,253195;Coxim;25;0,9936240531133924
-18,1878123,-55,253195;Coxim;30;0,9906993068351321
-18,1878123,-55,253195;Coxim;35;0,9874235910034804
-18,1878123,-55,253195;Coxim;40;0,9838261530812202
-18,1878123,-55,253195;Coxim;45;0,9798192506800035
-18,1878123,-55,253195;Coxim;50;0,975432131262613
-18,1878123,-55,253195;Coxim;55;0,970635547366266
-18,1878123,-55,253195;Coxim;60;0,9654294989909625
-18,1878123,-55,253195;Coxim;65;0,95978473867392
-18,1878123,-55,253195;Coxim;70;0,9538182562662689
-18,1878123,-55,253195;Coxim;75;0,9476177941563569
-18,1878123,-55,253195;Coxim;80;0,9413003421953146
-18,1878123,-55,253195;Coxim;85;0,9348951478459243
-18,1878123,-55,253195;Coxim;90;0,9284022111081863
-18,1878123,-55,253195;Coxim;95;0,9218215319821006
-18,1878123,-55,253195;Coxim;100;0,9152116053932321
-18,1878123,-55,253195;Coxim;105;0,9086309262671464
-18,1878123,-55,253195;Coxim;110;0,9021379895294083
-18,1878123,-55,253195;Coxim;115;0,8957327951800181
-18,1878123,-55,253195;Coxim;120;0,8895030856073236
-18,1878123,-55,253195;Coxim;125;0,8835073557368899
-18,1878123,-55,253195;Coxim;130;0,8778041004942821
-18,1878123,-55,253195;Coxim;135;0,8724225673422831
-18,1878123,-55,253195;Coxim;140;0,8673920037436752
-18,1878123,-55,253195;Coxim;145;0,8627709046240238
-18,1878123,-55,253195;Coxim;150;0,8586470123716767
-18,1878123,-55,253195;Coxim;155;0,8550203269866339
-18,1878123,-55,253195;Coxim;160;0,851920095931678
-18,1878123,-55,253195;Coxim;165;0,8494340615951567
-18,1878123,-55,253195;Coxim;170;0,8476499663654178
-18,1878123,-55,253195;Coxim;175;0,8466848000935919
-18,1878123,-55,253195;Coxim;180;0,8464800678541137
-15,4191704,-56,456297;Cuiaba;0;1,0
-15,4191704,-56,456297;Cuiaba;5;0,9995226160639694
-15,4191704,-56,456297;Cuiaba;10;0,9985081751999045
-15,4191704,-56,456297;Cuiaba;15;0,9970163503998091
-15,4191704,-56,456297;Cuiaba;20;0,995047141663683
-15,4191704,-56,456297;Cuiaba;25;0,9926900584795322
-15,4191704,-56,456297;Cuiaba;30;0,9900047738393603
-15,4191704,-56,456297;Cuiaba;35;0,9870211242391693
-15,4191704,-56,456297;Cuiaba;40;0,9837689461749612
-15,4191704,-56,456297;Cuiaba;45;0,9801885666547321
-15,4191704,-56,456297;Cuiaba;50;0,97625014918248
-15,4191704,-56,456297;Cuiaba;55;0,9719536937582051
-15,4191704,-56,456297;Cuiaba;60;0,9672992003819072
-15,4191704,-56,456297;Cuiaba;65;0,9622568325575844
-15,4191704,-56,456297;Cuiaba;70;0,9570056092612483
-15,4191704,-56,456297;Cuiaba;75;0,9515753669889008
-15,4191704,-56,456297;Cuiaba;80;0,9461152882205514
-15,4191704,-56,456297;Cuiaba;85;0,9406552094522019
-15,4191704,-56,456297;Cuiaba;90;0,9351354576918487
-15,4191704,-56,456297;Cuiaba;95;0,9295858694354935
-15,4191704,-56,456297;Cuiaba;100;0,9240064446831364
-15,4191704,-56,456297;Cuiaba;105;0,9184866929227832
-15,4191704,-56,456297;Cuiaba;110;0,9130266141544338
-15,4191704,-56,456297;Cuiaba;115;0,9076858813700919
-15,4191704,-56,456297;Cuiaba;120;0,9024943310657596
-15,4191704,-56,456297;Cuiaba;125;0,8975713092254446
-15,4191704,-56,456297;Cuiaba;130;0,8928869793531448
-15,4191704,-56,456297;Cuiaba;135;0,888530850936866
-15,4191704,-56,456297;Cuiaba;140;0,8845029239766082
-15,4191704,-56,456297;Cuiaba;145;0,8808628714643753
-15,4191704,-56,456297;Cuiaba;150;0,8775808569041652
-15,4191704,-56,456297;Cuiaba;155;0,8747463897839838
-15,4191704,-56,456297;Cuiaba;160;0,8723893065998329
-15,4191704,-56,456297;Cuiaba;165;0,8705394438477145
-15,4191704,-56,456297;Cuiaba;170;0,8692564745196324
-15,4191704,-56,456297;Cuiaba;175;0,8685702351115885
-15,4191704,-56,456297;Cuiaba;180;0,8685105621195847
-22,2312801,-54,86489;Dourados;0;1,0
-22,2312801,-54,86489;Dourados;5;0,9993480515631945
-22,2312801,-54,86489;Dourados;10;0,9980441546895836
-22,2312801,-54,86489;Dourados;15;0,9959994073196029
-22,2312801,-54,86489;Dourados;20;0,9932730774929619
-22,2312801,-54,86489;Dourados;25;0,9898651652096607
-22,2312801,-54,86489;Dourados;30;0,9859831086086828
-22,2312801,-54,86489;Dourados;35;0,9817750777893021
-22,2312801,-54,86489;Dourados;40;0,9771521706919544
-22,2312801,-54,86489;Dourados;45;0,9720847532967847
-22,2312801,-54,86489;Dourados;50;0,9665431915839383
-22,2312801,-54,86489;Dourados;55;0,960586753593125
-22,2312801,-54,86489;Dourados;60;0,9542154393243444
-22,2312801,-54,86489;Dourados;65;0,9475477848570159
-22,2312801,-54,86489;Dourados;70;0,9406726922507038
-22,2312801,-54,86489;Dourados;75;0,9337086975848273
-22,2312801,-54,86489;Dourados;80;0,9266558008593866
-22,2312801,-54,86489;Dourados;85;0,9195140020743814
-22,2312801,-54,86489;Dourados;90;0,912253667209957
-22,2312801,-54,86489;Dourados;95;0,9049636983256779
-22,2312801,-54,86489;Dourados;100;0,8977329974811084
-22,2312801,-54,86489;Dourados;105;0,8905615646762484
-22,2312801,-54,86489;Dourados;110;0,8835383019706623
-22,2312801,-54,86489;Dourados;115;0,8767224774040598
-22,2312801,-54,86489;Dourados;120;0,8702029930360053
-22,2312801,-54,86489;Dourados;125;0,8639798488664987
-22,2312801,-54,86489;Dourados;130;0,8581419469551045
-22,2312801,-54,86489;Dourados;135;0,8526596532819677
-22,2312801,-54,86489;Dourados;140;0,8476218699066529
-22,2312801,-54,86489;Dourados;145;0,8431174988887242
-22,2312801,-54,86489;Dourados;150;0,8392058082678915
-22,2312801,-54,86489;Dourados;155;0,835975700103719
-22,2312801,-54,86489;Dourados;160;0,8333679063564973
-22,2312801,-54,86489;Dourados;165;0,8314120610460809
-22,2312801,-54,86489;Dourados;170;0,8301970662320344
-22,2312801,-54,86489;Dourados;175;0,8298414579937768
-22,2312801,-54,86489;Dourados;180;0,8303156023114535
-12,1997775,-39,33484;Feira de Santana;0;1,0
-12,1997775,-39,33484;Feira de Santana;5;0,999026932010798
-12,1997775,-39,33484;Feira de Santana;10;0,9977085818318789
-12,1997775,-39,33484;Feira de Santana;15;0,9960135601732689
-12,1997775,-39,33484;Feira de Santana;20;0,994098813484839
-12,1997775,-39,33484;Feira de Santana;25;0,9919643417665892
-12,1997775,-39,33484;Feira de Santana;30;0,9897043128884425
-12,1997775,-39,33484;Feira de Santana;35;0,9873187268503987
-12,1997775,-39,33484;Feira de Santana;40;0,9849017515223806
-12,1997775,-39,33484;Feira de Santana;45;0,982547554774311
-12,1997775,-39,33484;Feira de Santana;50;0,9801933580262414
-12,1997775,-39,33484;Feira de Santana;55;0,977744993408249
-12,1997775,-39,33484;Feira de Santana;60;0,9751396823403855
-12,1997775,-39,33484;Feira de Santana;65;0,9724402034025991
-12,1997775,-39,33484;Feira de Santana;70;0,9695837780149413
-12,1997775,-39,33484;Feira de Santana;75;0,9666645740473351
-12,1997775,-39,33484;Feira de Santana;80;0,9636825914997803
-12,1997775,-39,33484;Feira de Santana;85;0,9607006089522255
-12,1997775,-39,33484;Feira de Santana;90;0,9577186264046708
-12,1997775,-39,33484;Feira de Santana;95;0,9548308117270388
-12,1997775,-39,33484;Feira de Santana;100;0,9520371649193295
-12,1997775,-39,33484;Feira de Santana;105;0,9493376859815431
-12,1997775,-39,33484;Feira de Santana;110;0,946795153493628
-12,1997775,-39,33484;Feira de Santana;115;0,9444723460355327
-12,1997775,-39,33484;Feira de Santana;120;0,942337874317283
-12,1997775,-39,33484;Feira de Santana;125;0,9404545169188273
-12,1997775,-39,33484;Feira de Santana;130;0,9387281059702429
-12,1997775,-39,33484;Feira de Santana;135;0,9371900307615042
-12,1997775,-39,33484;Feira de Santana;140;0,9359030698725594
-12,1997775,-39,33484;Feira de Santana;145;0,9348672233034089
-12,1997775,-39,33484;Feira de Santana;150;0,9340511017640781
-12,1997775,-39,33484;Feira de Santana;155;0,9334547052545672
-12,1997775,-39,33484;Feira de Santana;160;0,933078033774876
-12,1997775,-39,33484;Feira de Santana;165;0,9329210873250047
-12,1997775,-39,33484;Feira de Santana;170;0,9328896980350304
-12,1997775,-39,33484;Feira de Santana;175;0,9329838659049532
-12,1997775,-39,33484;Feira de Santana;180;0,93332914809467
-27,571313,-48,75116;Florianopolis;0;1,0
-27,571313,-48,75116;Florianopolis;5;0,999258110204357
-27,571313,-48,75116;Florianopolis;10;0,997909219666824
-27,571313,-48,75116;Florianopolis;15;0,9959533283874014
-27,571313,-48,75116;Florianopolis;20;0,9933567141026506
-27,571313,-48,75116;Florianopolis;25;0,9902205436028866
-27,571313,-48,75116;Florianopolis;30;0,9864436500977946
-27,571313,-48,75116;Florianopolis;35;0,9820597558508127
-27,571313,-48,75116;Florianopolis;40;0,9770351385985028
-27,571313,-48,75116;Florianopolis;45;0,9716058541849328
-27,571313,-48,75116;Florianopolis;50;0,9658393471369798
-27,571313,-48,75116;Florianopolis;55;0,9597356174546435
-27,571313,-48,75116;Florianopolis;60;0,9532609428744857
-27,571313,-48,75116;Florianopolis;65;0,9463141566061914
-27,571313,-48,75116;Florianopolis;70;0,9390301477035139
-27,571313,-48,75116;Florianopolis;75;0,9315438052202064
-27,571313,-48,75116;Florianopolis;80;0,9238888514197073
-27,571313,-48,75116;Florianopolis;85;0,9162001753557699
-27,571313,-48,75116;Florianopolis;90;0,9085114992918325
-27,571313,-48,75116;Florianopolis;95;0,9008228232278951
-27,571313,-48,75116;Florianopolis;100;0,8931004249005193
-27,571313,-48,75116;Florianopolis;105;0,8854454711000203
-27,571313,-48,75116;Florianopolis;110;0,8778579618263977
-27,571313,-48,75116;Florianopolis;115;0,870439063869967
-27,571313,-48,75116;Florianopolis;120;0,8631887772307277
-27,571313,-48,75116;Florianopolis;125;0,85630943548931
-27,571313,-48,75116;Florianopolis;130;0,8497335941188373
-27,571313,-48,75116;Florianopolis;135;0,8436973089633776
-27,571313,-48,75116;Florianopolis;140;0,8381331354960545
-27,571313,-48,75116;Florianopolis;145;0,8330747959803062
-27,571313,-48,75116;Florianopolis;150;0,828556012679571
-27,571313,-48,75116;Florianopolis;155;0,824677952384164
-27,571313,-48,75116;Florianopolis;160;0,8214406150940852
-27,571313,-48,75116;Florianopolis;165;0,8188440008093343
-27,571313,-48,75116;Florianopolis;170;0,8170567208471032
-27,571313,-48,75116;Florianopolis;175;0,8161124974708303
-27,571313,-48,75116;Florianopolis;180;0,8160787752073919
-3,7933031,-38,66004;Fortaleza;0;1,0
-3,7933031,-38,66004;Fortaleza;5;0,9992821042958879
-3,7933031,-38,66004;Fortaleza;10;0,9983631977946243
-3,7933031,-38,66004;Fortaleza;15;0,997271996324374
-3,7933031,-38,66004;Fortaleza;20;0,9960946473696302
-3,7933031,-38,66004;Fortaleza;25;0,9947162876177349
-3,7933031,-38,66004;Fortaleza;30;0,9931656328968528
-3,7933031,-38,66004;Fortaleza;35;0,9914426832069837
-3,7933031,-38,66004;Fortaleza;40;0,9897197335171146
-3,7933031,-38,66004;Fortaleza;45;0,9880829313117391
-3,7933031,-38,66004;Fortaleza;50;0,9866758557316793
-3,7933031,-38,66004;Fortaleza;55;0,9854410751206065
-3,7933031,-38,66004;Fortaleza;60;0,9842637261658627
-3,7933031,-38,66004;Fortaleza;65;0,9829427980702964
-3,7933031,-38,66004;Fortaleza;70;0,9815357224902366
-3,7933031,-38,66004;Fortaleza;75;0,980013783597519
-3,7933031,-38,66004;Fortaleza;80;0,9784631288766368
-3,7933031,-38,66004;Fortaleza;85;0,9769124741557547
-3,7933031,-38,66004;Fortaleza;90;0,975333103606708
-3,7933031,-38,66004;Fortaleza;95;0,9737537330576613
-3,7933031,-38,66004;Fortaleza;100;0,9721743625086148
-3,7933031,-38,66004;Fortaleza;105;0,9706237077877325
-3,7933031,-38,66004;Fortaleza;110;0,9691592005513439
-3,7933031,-38,66004;Fortaleza;115;0,9677808407994487
-3,7933031,-38,66004;Fortaleza;120;0,9665173443602113
-3,7933031,-38,66004;Fortaleza;125;0,965426142889961
-3,7933031,-38,66004;Fortaleza;130;0,964478520560533
-3,7933031,-38,66004;Fortaleza;135;0,9637031932000919
-3,7933031,-38,66004;Fortaleza;140;0,9630427291523087
-3,7933031,-38,66004;Fortaleza;145;0,962525844245348
-3,7933031,-38,66004;Fortaleza;150;0,9621525384792098
-3,7933031,-38,66004;Fortaleza;155;0,9618940960257294
-3,7933031,-38,66004;Fortaleza;160;0,9617792327130714
-3,7933031,-38,66004;Fortaleza;165;0,961750516884907
-3,7933031,-38,66004;Fortaleza;155;0,9618940960257294
-3,7933031,-38,66004;Fortaleza;175;0,9620663909947162
-3,7933031,-38,66004;Fortaleza;180;0,962468412589019
-25,5253592,-54,569723;Foz do Iguacu;0;1,0
-25,5253592,-54,569723;Foz do Iguacu;5;0,9994552882433045
-25,5253592,-54,569723;Foz do Iguacu;10;0,9983961264941746
-25,5253592,-54,569723;Foz do Iguacu;15;0,9965804206385233
-25,5253592,-54,569723;Foz do Iguacu;20;0,9939476471478287
-25,5253592,-54,569723;Foz do Iguacu;25;0,9906491148433954
-25,5253592,-54,569723;Foz do Iguacu;30;0,9868663943107883
-25,5253592,-54,569723;Foz do Iguacu;35;0,9826600090785292
-25,5253592,-54,569723;Foz do Iguacu;40;0,9779996973823574
-25,5253592,-54,569723;Foz do Iguacu;45;0,972824935693751
-25,5253592,-54,569723;Foz do Iguacu;50;0,9671659857769708
-25,5253592,-54,569723;Foz do Iguacu;55;0,961022847632017
-25,5253592,-54,569723;Foz do Iguacu;60;0,9545165683159328
-25,5253592,-54,569723;Foz do Iguacu;65;0,9477681948857618
-25,5253592,-54,569723;Foz do Iguacu;70;0,9408987743985474
-25,5253592,-54,569723;Foz do Iguacu;75;0,9339083068542896
-25,5253592,-54,569723;Foz do Iguacu;80;0,9267665304887275
-25,5253592,-54,569723;Foz do Iguacu;85;0,9195642305946437
-25,5253592,-54,569723;Foz do Iguacu;90;0,9123014071720381
-25,5253592,-54,569723;Foz do Iguacu;95;0,9050083219851718
-25,5253592,-54,569723;Foz do Iguacu;100;0,8977454985625662
-25,5253592,-54,569723;Foz do Iguacu;105;0,8906037221970041
-25,5253592,-54,569723;Foz do Iguacu;110;0,8836132546527462
-25,5253592,-54,569723;Foz do Iguacu;115;0,8768648812225752
-25,5253592,-54,569723;Foz do Iguacu;120;0,8703283401422303
-25,5253592,-54,569723;Foz do Iguacu;125;0,8640944167044938
-25,5253592,-54,569723;Foz do Iguacu;130;0,858163110909366
-25,5253592,-54,569723;Foz do Iguacu;135;0,8525949462853685
-25,5253592,-54,569723;Foz do Iguacu;140;0,8475412316538055
-25,5253592,-54,569723;Foz do Iguacu;145;0,8431230140717204
-25,5253592,-54,569723;Foz do Iguacu;150;0,8393402935391133
-25,5253592,-54,569723;Foz do Iguacu;155;0,8361628082917234
-25,5253592,-54,569723;Foz do Iguacu;160;0,8336208200938114
-25,5253592,-54,569723;Foz do Iguacu;165;0,8316538054168559
-25,5253592,-54,569723;Foz do Iguacu;170;0,8302920260251173
-25,5253592,-54,569723;Foz do Iguacu;175;0,8296262672113784
-25,5253592,-54,569723;Foz do Iguacu;180;0,8296565289756392
-23,3918911,-46,59336;Guarulhos;0;1,0
-23,3918911,-46,59336;Guarulhos;5;0,999264083600103
-23,3918911,-46,59336;Guarulhos;10;0,9979026382602937
-23,3918911,-46,59336;Guarulhos;15;0,9959156639805719
-23,3918911,-46,59336;Guarulhos;20;0,9933767524009273
-23,3918911,-46,59336;Guarulhos;25;0,9902123118813703
-23,3918911,-46,59336;Guarulhos;30;0,9865695257018803
-23,3918911,-46,59336;Guarulhos;35;0,9823748022224675
-23,3918911,-46,59336;Guarulhos;40;0,9775913456231372
-23,3918911,-46,59336;Guarulhos;45;0,9723663391838687
-23,3918911,-46,59336;Guarulhos;50;0,9668469661846414
-23,3918911,-46,59336;Guarulhos;55;0,9612540015454244
-23,3918911,-46,59336;Guarulhos;60;0,9555138536262281
-23,3918911,-46,59336;Guarulhos;65;0,9495897266070574
-23,3918911,-46,59336;Guarulhos;70;0,9434448246679177
-23,3918911,-46,59336;Guarulhos;75;0,9369687603488244
-23,3918911,-46,59336;Guarulhos;80;0,930271921109762
-23,3918911,-46,59336;Guarulhos;85;0,92342789859072
-23,3918911,-46,59336;Guarulhos;90;0,9165102844316886
-23,3918911,-46,59336;Guarulhos;95;0,9095558744526622
-23,3918911,-46,59336;Guarulhos;100;0,9027118519336204
-23,3918911,-46,59336;Guarulhos;105;0,8959414210545682
-23,3918911,-46,59336;Guarulhos;110;0,8893181734554955
-23,3918911,-46,59336;Guarulhos;115;0,882878904956397
-23,3918911,-46,59336;Guarulhos;120;0,8766972071972624
-23,3918911,-46,59336;Guarulhos;125;0,8708466718180815
-23,3918911,-46,59336;Guarulhos;130;0,8654008904588438
-23,3918911,-46,59336;Guarulhos;135;0,8603598631195496
-23,3918911,-46,59336;Guarulhos;140;0,8557235898001987
-23,3918911,-46,59336;Guarulhos;145;0,8515656621407808
-23,3918911,-46,59336;Guarulhos;150;0,847886080141296
-23,3918911,-46,59336;Guarulhos;155;0,8447584354417338
-23,3918911,-46,59336;Guarulhos;160;0,8422195238620893
-23,3918911,-46,59336;Guarulhos;165;0,8402693454023623
-23,3918911,-46,59336;Guarulhos;170;0,8389079000625529
-23,3918911,-46,59336;Guarulhos;175;0,8381351878426611
-23,3918911,-46,59336;Guarulhos;180;0,8380248003826766
-5,5194506,-47,54796;Imperatriz;0;1,0
-5,5194506,-47,54796;Imperatriz;5;1,000030599755202
-5,5194506,-47,54796;Imperatriz;10;0,9997552019583843
-5,5194506,-47,54796;Imperatriz;15;0,9991432068543452
-5,5194506,-47,54796;Imperatriz;20;0,9981640146878825
-5,5194506,-47,54796;Imperatriz;25;0,9968482252141982
-5,5194506,-47,54796;Imperatriz;30;0,9951652386780906
-5,5194506,-47,54796;Imperatriz;35;0,9932374541003672
-5,5194506,-47,54796;Imperatriz;40;0,991126070991432
-5,5194506,-47,54796;Imperatriz;45;0,9888004895960832
-5,5194506,-47,54796;Imperatriz;50;0,9862301101591188
-5,5194506,-47,54796;Imperatriz;55;0,9835373317013464
-5,5194506,-47,54796;Imperatriz;60;0,9807221542227662
-5,5194506,-47,54796;Imperatriz;65;0,97796817625459
-5,5194506,-47,54796;Imperatriz;70;0,9752753977968176
-5,5194506,-47,54796;Imperatriz;75;0,9727050183598531
-5,5194506,-47,54796;Imperatriz;80;0,9701346389228886
-5,5194506,-47,54796;Imperatriz;85;0,9675030599755202
-5,5194506,-47,54796;Imperatriz;90;0,9647796817625459
-5,5194506,-47,54796;Imperatriz;95;0,9619951040391677
-5,5194506,-47,54796;Imperatriz;100;0,9591493268053856
-5,5194506,-47,54796;Imperatriz;105;0,9563035495716035
-5,5194506,-47,54796;Imperatriz;110;0,9533659730722154
-5,5194506,-47,54796;Imperatriz;115;0,9504283965728274
-5,5194506,-47,54796;Imperatriz;120;0,9475214198286414
-5,5194506,-47,54796;Imperatriz;125;0,9446756425948593
-5,5194506,-47,54796;Imperatriz;130;0,941952264381885
-5,5194506,-47,54796;Imperatriz;135;0,9393818849449205
-5,5194506,-47,54796;Imperatriz;140;0,9370869033047735
-5,5194506,-47,54796;Imperatriz;145;0,9350367197062424
-5,5194506,-47,54796;Imperatriz;150;0,9332619339045287
-5,5194506,-47,54796;Imperatriz;155;0,9317625458996328
-5,5194506,-47,54796;Imperatriz;160;0,9305079559363525
-5,5194506,-47,54796;Imperatriz;165;0,9295287637698898
-5,5194506,-47,54796;Imperatriz;170;0,9289167686658507
-5,5194506,-47,54796;Imperatriz;175;0,9286413708690331
-5,5194506,-47,54796;Imperatriz;180;0,928671970624235
-18,3992961,-49,2667735;Itumbiara;0;1,0
-18,3992961,-49,2667735;Itumbiara;5;0,9987309994758476
-18,3992961,-49,2667735;Itumbiara;10;0,9968274986896191
-18,3992961,-49,2667735;Itumbiara;15;0,9942894976413142
-18,3992961,-49,2667735;Itumbiara;20;0,991172170266766
-18,3992961,-49,2667735;Itumbiara;25;0,9874755165659742
-18,3992961,-49,2667735;Itumbiara;30;0,9831443626031063
-18,3992961,-49,2667735;Itumbiara;35;0,9781787083781621
-18,3992961,-49,2667735;Itumbiara;40;0,97274407569864
-18,3992961,-49,2667735;Itumbiara;45;0,9670611603078706
-18,3992961,-49,2667735;Itumbiara;50;0,9614610058208503
-18,3992961,-49,2667735;Itumbiara;55;0,9559160252696626
-18,3992961,-49,2667735;Itumbiara;60;0,9502606968468096
-18,3992961,-49,2667735;Itumbiara;65;0,9443019117768766
-18,3992961,-49,2667735;Itumbiara;70;0,9380396700598638
-18,3992961,-49,2667735;Itumbiara;75;0,9314463847278546
-18,3992961,-49,2667735;Itumbiara;80;0,9245496427487655
-18,3992961,-49,2667735;Itumbiara;85;0,9174597919942619
-18,3992961,-49,2667735;Itumbiara;90;0,9102320064001765
-18,3992961,-49,2667735;Itumbiara;95;0,9029766338381748
-18,3992961,-49,2667735;Itumbiara;100;0,8957764352120059
-18,3992961,-49,2667735;Itumbiara;105;0,8886865844575023
-18,3992961,-49,2667735;Itumbiara;110;0,8817070815746642
-18,3992961,-49,2667735;Itumbiara;115;0,8749482744351569
-18,3992961,-49,2667735;Itumbiara;120;0,8683825760710641
-18,3992961,-49,2667735;Itumbiara;125;0,8620927473861348
-18,3992961,-49,2667735;Itumbiara;130;0,8561615492841181
-18,3992961,-49,2667735;Itumbiara;135;0,850644155700847
-18,3992961,-49,2667735;Itumbiara;140;0,8457060884438191
-18,3992961,-49,2667735;Itumbiara;145;0,8414025214488675
-18,3992961,-49,2667735;Itumbiara;150;0,8377610416839085
-18,3992961,-49,2667735;Itumbiara;155;0,834781649148942
-18,3992961,-49,2667735;Itumbiara;160;0,8324367568760518
-18,3992961,-49,2667735;Itumbiara;165;0,830753951833154
-18,3992961,-49,2667735;Itumbiara;170;0,8296780600844161
-18,3992961,-49,2667735;Itumbiara;175;0,8291814946619217
-18,3992961,-49,2667735;Itumbiara;180;0,8294297773731689
-21,7289999,-43,522609;Juiz de Fora;0;1,0
-21,7289999,-43,522609;Juiz de Fora;5;0,9997969680563076
-21,7289999,-43,522609;Juiz de Fora;10;0,9989171629669734
-21,7289999,-43,522609;Juiz de Fora;15;0,9973944233892799
-21,7289999,-43,522609;Juiz de Fora;20;0,9953302652950731
-21,7289999,-43,522609;Juiz de Fora;25;0,9928262046561992
-21,7289999,-43,522609;Juiz de Fora;30;0,9897468868435301
-21,7289999,-43,522609;Juiz de Fora;35;0,9861938278289117
-21,7289999,-43,522609;Juiz de Fora;40;0,9821670276123443
-21,7289999,-43,522609;Juiz de Fora;45;0,9776326475365458
-21,7289999,-43,522609;Juiz de Fora;50;0,972590687601516
-21,7289999,-43,522609;Juiz de Fora;55;0,9671426637791013
-21,7289999,-43,522609;Juiz de Fora;60;0,9614239306984299
-21,7289999,-43,522609;Juiz de Fora;65;0,9555698429886302
-21,7289999,-43,522609;Juiz de Fora;70;0,9495804006497022
-21,7289999,-43,522609;Juiz de Fora;75;0,9434217650243638
-21,7289999,-43,522609;Juiz de Fora;80;0,9370600974553329
-21,7289999,-43,522609;Juiz de Fora;85;0,9305630752571737
-21,7289999,-43,522609;Juiz de Fora;90;0,9238968597726043
-21,7289999,-43,522609;Juiz de Fora;95;0,9170614510016243
-21,7289999,-43,522609;Juiz de Fora;100;0,9101583649160802
-21,7289999,-43,522609;Juiz de Fora;105;0,903255278830536
-21,7289999,-43,522609;Juiz de Fora;110;0,8964537087168382
-21,7289999,-43,522609;Juiz de Fora;115;0,8897874932322686
-21,7289999,-43,522609;Juiz de Fora;120;0,8833919870059556
-21,7289999,-43,522609;Juiz de Fora;125;0,8772671900378993
-21,7289999,-43,522609;Juiz de Fora;130;0,8714807796426638
-21,7289999,-43,522609;Juiz de Fora;135;0,8660665944775311
-21,7289999,-43,522609;Juiz de Fora;140;0,8610246345425013
-21,7289999,-43,522609;Juiz de Fora;145;0,8563887384948565
-21,7289999,-43,522609;Juiz de Fora;150;0,8521589063345967
-21,7289999,-43,522609;Juiz de Fora;155;0,8484366540335679
-21,7289999,-43,522609;Juiz de Fora;160;0,8452219815917704
-21,7289999,-43,522609;Juiz de Fora;165;0,8426164049810504
-21,7289999,-43,522609;Juiz de Fora;170;0,8406537628586898
-21,7289999,-43,522609;Juiz de Fora;175;0,839469409853817
-21,7289999,-43,522609;Juiz de Fora;180;0,8390295073091499
-3,044653,-60,107193;Manaus;0;1,0
-3,044653,-60,107193;Manaus;5;0,9997413848839465
-3,044653,-60,107193;Manaus;10;0,9993534622098662
-3,044653,-60,107193;Manaus;15;0,9988685588672658
-3,044653,-60,107193;Manaus;20;0,998222021077132
-3,044653,-60,107193;Manaus;25;0,9974138488394647
-3,044653,-60,107193;Manaus;30;0,996444042154264
-3,044653,-60,107193;Manaus;35;0,9953126010215297
-3,044653,-60,107193;Manaus;40;0,9940841792202755
-3,044653,-60,107193;Manaus;45;0,9927264498609943
-3,044653,-60,107193;Manaus;50;0,9912717398331933
-3,044653,-60,107193;Manaus;55;0,9897523760263788
-3,044653,-60,107193;Manaus;60;0,9881360315510441
-3,044653,-60,107193;Manaus;65;0,9864227064071895
-3,044653,-60,107193;Manaus;70;0,9846770543738281
-3,044653,-60,107193;Manaus;75;0,9829637292299734
-3,044653,-60,107193;Manaus;80;0,9813797116441456
-3,044653,-60,107193;Manaus;85;0,9798926747268378
-3,044653,-60,107193;Manaus;90;0,9784702915885434
-3,044653,-60,107193;Manaus;95;0,977144889118769
-3,044653,-60,107193;Manaus;100;0,9758194866489946
-3,044653,-60,107193;Manaus;105;0,9744940841792202
-3,044653,-60,107193;Manaus;110;0,9732010085989526
-3,044653,-60,107193;Manaus;115;0,9719725867976984
-3,044653,-60,107193;Manaus;120;0,9707764918859507
-3,044653,-60,107193;Manaus;125;0,9696127238637098
-3,044653,-60,107193;Manaus;130;0,9684812827309757
-3,044653,-60,107193;Manaus;135;0,9675114760457749
-3,044653,-60,107193;Manaus;140;0,966767957587121
-3,044653,-60,107193;Manaus;145;0,9662184004655072
-3,044653,-60,107193;Manaus;150;0,9658628046809336
-3,044653,-60,107193;Manaus;155;0,9656688433438935
-3,044653,-60,107193;Manaus;160;0,9655718626753734
-3,044653,-60,107193;Manaus;165;0,96560418956488
-3,044653,-60,107193;Manaus;170;0,9657334971229068
-3,044653,-60,107193;Manaus;175;0,9658951315704403
-3,044653,-60,107193;Manaus;180;0,9661860735760005
-16,7280803,-43,921123;Montes Claros;0;1,0
-16,7280803,-43,921123;Montes Claros;5;0,9995703113810193
-16,7280803,-43,921123;Montes Claros;10;0,9985963505113294
-16,7280803,-43,921123;Montes Claros;15;0,9970494714829986
-16,7280803,-43,921123;Montes Claros;20;0,994986966111891
-16,7280803,-43,921123;Montes Claros;25;0,9924661262138703
-16,7280803,-43,921123;Montes Claros;30;0,989515597696869
-16,7280803,-43,921123;Montes Claros;35;0,986164026468819
-16,7280803,-43,921123;Montes Claros;40;0,9824114125297201
-16,7280803,-43,921123;Montes Claros;45;0,9781718181557765
-16,7280803,-43,921123;Montes Claros;50;0,9734452433469879
-16,7280803,-43,921123;Montes Claros;55;0,9683176258271506
-16,7280803,-43,921123;Montes Claros;60;0,9629608410438569
-16,7280803,-43,921123;Montes Claros;65;0,957518118536767
-16,7280803,-43,921123;Montes Claros;70;0,9521899796614054
-16,7280803,-43,921123;Montes Claros;75;0,9468331948781117
-16,7280803,-43,921123;Montes Claros;80;0,9413904723710218
-16,7280803,-43,921123;Montes Claros;85;0,9357758744163396
-16,7280803,-43,921123;Montes Claros;90;0,9300466928299292
-16,7280803,-43,921123;Montes Claros;95;0,9242315735197227
-16,7280803,-43,921123;Montes Claros;100;0,918273224669856
-16,7280803,-43,921123;Montes Claros;105;0,9121430003723968
-16,7280803,-43,921123;Montes Claros;110;0,9061273597066659
-16,7280803,-43,921123;Montes Claros;115;0,9001690108567991
-16,7280803,-43,921123;Montes Claros;120;0,8944398292703887
-16,7280803,-43,921123;Montes Claros;125;0,889025752671231
-16,7280803,-43,921123;Montes Claros;130;0,8839554269672577
-16,7280803,-43,921123;Montes Claros;135;0,8792861439743332
-16,7280803,-43,921123;Montes Claros;140;0,8750179036924576
-16,7280803,-43,921123;Montes Claros;145;0,8712079979374946
-16,7280803,-43,921123;Montes Claros;150;0,8677991348935804
-16,7280803,-43,921123;Montes Claros;155;0,8648486063765791
-16,7280803,-43,921123;Montes Claros;160;0,8624137042023547
-16,7280803,-43,921123;Montes Claros;165;0,8604657824629751
-16,7280803,-43,921123;Montes Claros;170;0,8590621329743047
-16,7280803,-43,921123;Montes Claros;175;0,8583173393680713
-16,7280803,-43,921123;Montes Claros;180;0,8582027557363431
-5,7999146,-35,292285;Natal;0;1,0
-5,7999146,-35,292285;Natal;5;1,0002562350529551
-5,7999146,-35,292285;Natal;10;1,0001708233686368
-5,7999146,-35,292285;Natal;15;0,9998007060699237
-5,7999146,-35,292285;Natal;20;0,9991174125953763
-5,7999146,-35,292285;Natal;25;0,9982063546293133
-5,7999146,-35,292285;Natal;30;0,9971529438560528
-5,7999146,-35,292285;Natal;35;0,9959856508370345
-5,7999146,-35,292285;Natal;40;0,9946760050108188
-5,7999146,-35,292285;Natal;45;0,9931385946930873
-5,7999146,-35,292285;Natal;50;0,9915157726910375
-5,7999146,-35,292285;Natal;55;0,989921421250427
-5,7999146,-35,292285;Natal;60;0,988469422617014
-5,7999146,-35,292285;Natal;65;0,9871028356679193
-5,7999146,-35,292285;Natal;70;0,9857362487188247
-5,7999146,-35,292285;Natal;75;0,9842557795239723
-5,7999146,-35,292285;Natal;80;0,9826614280833618
-5,7999146,-35,292285;Natal;85;0,980981664958433
-5,7999146,-35,292285;Natal;90;0,9792164901491858
-5,7999146,-35,292285;Natal;95;0,9773943742170595
-5,7999146,-35,292285;Natal;100;0,9755722582849333
-5,7999146,-35,292285;Natal;105;0,9737501423528072
-5,7999146,-35,292285;Natal;110;0,97198496754356
-5,7999146,-35,292285;Natal;115;0,9702197927343127
-5,7999146,-35,292285;Natal;120;0,9685685001708234
-5,7999146,-35,292285;Natal;125;0,9669741487302129
-5,7999146,-35,292285;Natal;130;0,965465208973921
-5,7999146,-35,292285;Natal;135;0,9640701514633868
-5,7999146,-35,292285;Natal;140;0,9628174467600501
-5,7999146,-35,292285;Natal;145;0,9617070948639107
-5,7999146,-35,292285;Natal;150;0,9607390957749686
-5,7999146,-35,292285;Natal;155;0,959913449493224
-5,7999146,-35,292285;Natal;160;0,9592016854572372
-5,7999146,-35,292285;Natal;165;0,9585468625441294
-5,7999146,-35,292285;Natal;170;0,95797745131534
-5,7999146,-35,292285;Natal;175;0,9576073340166268
-5,7999146,-35,292285;Natal;180;0,9575219223323084
-31,7506474,-52,342705;Pelotas;0;1,0
-31,7506474,-52,342705;Pelotas;5;0,9996238716148446
-31,7506474,-52,342705;Pelotas;10;0,9984641424272819
-31,7506474,-52,342705;Pelotas;15;0,9966461885656971
-31,7506474,-52,342705;Pelotas;20;0,9940759779338014
-31,7506474,-52,342705;Pelotas;25;0,9907221664994985
-31,7506474,-52,342705;Pelotas;30;0,9866160982948846
-31,7506474,-52,342705;Pelotas;35;0,9818518054162487
-31,7506474,-52,342705;Pelotas;40;0,9765233199598796
-31,7506474,-52,342705;Pelotas;45;0,9706619859578737
-31,7506474,-52,342705;Pelotas;50;0,9641424272818455
-31,7506474,-52,342705;Pelotas;55;0,9571213640922769
-31,7506474,-52,342705;Pelotas;60;0,9496614844533601
-31,7506474,-52,342705;Pelotas;65;0,941950852557673
-31,7506474,-52,342705;Pelotas;70;0,9339894684052157
-31,7506474,-52,342705;Pelotas;75;0,9258086760280843
-31,7506474,-52,342705;Pelotas;80;0,9173771313941825
-31,7506474,-52,342705;Pelotas;85;0,9087888665997994
-31,7506474,-52,342705;Pelotas;90;0,9001065697091274
-31,7506474,-52,342705;Pelotas;95;0,8913302407221665
-31,7506474,-52,342705;Pelotas;100;0,882585255767302
-31,7506474,-52,342705;Pelotas;105;0,8738716148445336
-31,7506474,-52,342705;Pelotas;110;0,8652520060180542
-31,7506474,-52,342705;Pelotas;115;0,8568204613841525
-31,7506474,-52,342705;Pelotas;120;0,8485769809428285
-31,7506474,-52,342705;Pelotas;125;0,8406155967903711
-31,7506474,-52,342705;Pelotas;130;0,833124373119358
-31,7506474,-52,342705;Pelotas;135;0,8261659979939819
-31,7506474,-52,342705;Pelotas;140;0,819771815446339
-31,7506474,-52,342705;Pelotas;145;0,8140045135406219
-31,7506474,-52,342705;Pelotas;150;0,8088954363089268
-31,7506474,-52,342705;Pelotas;155;0,8044445837512537
-31,7506474,-52,342705;Pelotas;160;0,8006832998996991
-31,7506474,-52,342705;Pelotas;165;0,7976742728184554
-31,7506474,-52,342705;Pelotas;170;0,7954801905717152
-31,7506474,-52,342705;Pelotas;175;0,7941637412236711
-31,7506474,-52,342705;Pelotas;180;0,7937876128385155
-30,1087957,-51,317229;Porto Alegre;0;1,0
-30,1087957,-51,317229;Porto Alegre;5;0,9995119272771643
-30,1087957,-51,317229;Porto Alegre;10;0,9983222500152523
-30,1087957,-51,317229;Porto Alegre;15;0,9964309682142639
-30,1087957,-51,317229;Porto Alegre;20;0,9938380818741993
-30,1087957,-51,317229;Porto Alegre;25;0,9905740955402355
-30,1087957,-51,317229;Porto Alegre;30;0,9865780001220181
-30,1087957,-51,317229;Porto Alegre;35;0,9818803001647245
-30,1087957,-51,317229;Porto Alegre;40;0,9766335183942407
-30,1087957,-51,317229;Porto Alegre;45;0,9709596729912757
-30,1087957,-51,317229;Porto Alegre;50;0,9647977548654749
-30,1087957,-51,317229;Porto Alegre;55;0,9581172594716613
-30,1087957,-51,317229;Porto Alegre;60;0,9509181868098346
-30,1087957,-51,317229;Porto Alegre;65;0,9433835641510585
-30,1087957,-51,317229;Porto Alegre;70;0,9356049051308645
-30,1087957,-51,317229;Porto Alegre;75;0,9276432188396071
-30,1087957,-51,317229;Porto Alegre;80;0,9195290098224635
-30,1087957,-51,317229;Porto Alegre;85;0,9112622780794338
-30,1087957,-51,317229;Porto Alegre;90;0,9028735281556952
-30,1087957,-51,317229;Porto Alegre;95;0,8943932645964249
-30,1087957,-51,317229;Porto Alegre;100;0,8859435055823318
-30,1087957,-51,317229;Porto Alegre;105;0,8775242511134159
-30,1087957,-51,317229;Porto Alegre;110;0,8692270148252089
-30,1087957,-51,317229;Porto Alegre;115;0,8610823012628882
-30,1087957,-51,317229;Porto Alegre;120;0,853151119516808
-30,1087957,-51,317229;Porto Alegre;125;0,8455249832225001
-30,1087957,-51,317229;Porto Alegre;130;0,8383564151058508
-30,1087957,-51,317229;Porto Alegre;135;0,8317064242572143
-30,1087957,-51,317229;Porto Alegre;140;0,8256665243121225
-30,1087957,-51,317229;Porto Alegre;145;0,8202672198157526
-30,1087957,-51,317229;Porto Alegre;150;0,8155085107681045
-30,1087957,-51,317229;Porto Alegre;155;0,8114209017143554
-30,1087957,-51,317229;Porto Alegre;160;0,8079738881093282
-30,1087957,-51,317229;Porto Alegre;165;0,8051979744982002
-30,1087957,-51,317229;Porto Alegre;170;0,8031236654261485
-30,1087957,-51,317229;Porto Alegre;175;0,8019339881642364
-30,1087957,-51,317229;Porto Alegre;180;0,8016594472576414
-8,0432875,-35,0743061;Recife;0;1,0
-8,0432875,-35,0743061;Recife;5;1,0001949534896675
-8,0432875,-35,0743061;Recife;10;1,0001392524926196
-8,0432875,-35,0743061;Recife;15;0,9997771960118086
-8,0432875,-35,0743061;Recife;20;0,9990809335487105
-8,0432875,-35,0743061;Recife;25;0,9980504651033254
-8,0432875,-35,0743061;Recife;30;0,9968250431682727
-8,0432875,-35,0743061;Recife;35;0,9953768172450287
-8,0432875,-35,0743061;Recife;40;0,9937893388291651
-8,0432875,-35,0743061;Recife;45;0,9920069069236339
-8,0432875,-35,0743061;Recife;50;0,9900573720269593
-8,0432875,-35,0743061;Recife;55;0,9881356876288085
-8,0432875,-35,0743061;Recife;60;0,9863532557232775
-8,0432875,-35,0743061;Recife;65;0,9846543753133181
-8,0432875,-35,0743061;Recife;70;0,9828997939063109
-8,0432875,-35,0743061;Recife;75;0,981033810505208
-8,0432875,-35,0743061;Recife;80;0,9790285746114855
-8,0432875,-35,0743061;Recife;85;0,9769119367236674
-8,0432875,-35,0743061;Recife;90;0,9747674483373252
-8,0432875,-35,0743061;Recife;95;0,9725951094524592
-8,0432875,-35,0743061;Recife;100;0,9704227705675932
-8,0432875,-35,0743061;Recife;105;0,968306132679775
-8,0432875,-35,0743061;Recife;110;0,9662173452904806
-8,0432875,-35,0743061;Recife;115;0,9642399598952821
-8,0432875,-35,0743061;Recife;120;0,9623182754971314
-8,0432875,-35,0743061;Recife;125;0,9604522920960286
-8,0432875,-35,0743061;Recife;130;0,9586977106890213
-8,0432875,-35,0743061;Recife;135;0,9570266807775859
-8,0432875,-35,0743061;Recife;140;0,9554949033587701
-8,0432875,-35,0743061;Recife;145;0,9541580794296218
-8,0432875,-35,0743061;Recife;150;0,9530440594886649
-8,0432875,-35,0743061;Recife;155;0,9521249930373754
-8,0432875,-35,0743061;Recife;160;0,9513451790787055
-8,0432875,-35,0743061;Recife;165;0,9506210661170835
-8,0432875,-35,0743061;Recife;170;0,950064056146605
-8,0432875,-35,0743061;Recife;175;0,9497577006628418
-8,0432875,-35,0743061;Recife;180;0,9496462986687462
-22,913885,-43,72618;Rio de Janeiro;0;1,0
-22,913885,-43,72618;Rio de Janeiro;5;0,9994305059005917
-22,913885,-43,72618;Rio de Janeiro;10;0,9980700477742273
-22,913885,-43,72618;Rio de Janeiro;15;0,996076818426298
-22,913885,-43,72618;Rio de Janeiro;20;0,9935457335400386
-22,913885,-43,72618;Rio de Janeiro;25;0,9905084316765274
-22,913885,-43,72618;Rio de Janeiro;30;0,9869016357136078
-22,913885,-43,72618;Rio de Janeiro;35;0,9827886227734363
-22,913885,-43,72618;Rio de Janeiro;40;0,9782010314170911
-22,913885,-43,72618;Rio de Janeiro;45;0,9731388616445724
-22,913885,-43,72618;Rio de Janeiro;50;0,9675388363337235
-22,913885,-43,72618;Rio de Janeiro;55;0,9615591482899358
-22,913885,-43,72618;Rio de Janeiro;60;0,9553263517575221
-22,913885,-43,72618;Rio de Janeiro;65;0,9489670009807953
-22,913885,-43,72618;Rio de Janeiro;70;0,9424494573986775
-22,913885,-43,72618;Rio de Janeiro;75;0,9357104438890119
-22,913885,-43,72618;Rio de Janeiro;80;0,9288132375739552
-22,913885,-43,72618;Rio de Janeiro;85;0,9217894770145854
-22,913885,-43,72618;Rio de Janeiro;90;0,9146391622109027
-22,913885,-43,72618;Rio de Janeiro;95;0,9074255702850634
-22,913885,-43,72618;Rio de Janeiro;100;0,9002119783592242
-22,913885,-43,72618;Rio de Janeiro;105;0,8930933021166197
-22,913885,-43,72618;Rio de Janeiro;110;0,8861644572404846
-22,913885,-43,72618;Rio de Janeiro;115;0,8794887208529756
-22,913885,-43,72618;Rio de Janeiro;120;0,8730660929540924
-22,913885,-43,72618;Rio de Janeiro;125;0,8669914892270699
-22,913885,-43,72618;Rio de Janeiro;130;0,8612649096719082
-22,913885,-43,72618;Rio de Janeiro;135;0,8559496314107634
-22,913885,-43,72618;Rio de Janeiro;140;0,8510456544436359
-22,913885,-43,72618;Rio de Janeiro;145;0,8465846173316037
-22,913885,-43,72618;Rio de Janeiro;150;0,8426297971968235
-22,913885,-43,72618;Rio de Janeiro;155;0,8392128326003734
-22,913885,-43,72618;Rio de Janeiro;160;0,8363653621033316
-22,913885,-43,72618;Rio de Janeiro;165;0,8341506628278545
-22,913885,-43,72618;Rio de Janeiro;170;0,8326636504571772
-22,913885,-43,72618;Rio de Janeiro;175;0,8319359635523776
-22,913885,-43,72618;Rio de Janeiro;180;0,8319992406745341
-2,5606303,-44,328163;Sao Luis;0;1,0
-2,5606303,-44,328163;Sao Luis;5;0,9991145405097717
-2,5606303,-44,328163;Sao Luis;10;0,9981025868066536
-2,5606303,-44,328163;Sao Luis;15;0,9970273859970906
-2,5606303,-44,328163;Sao Luis;20;0,9958573145278603
-2,5606303,-44,328163;Sao Luis;25;0,9946239959521852
-2,5606303,-44,328163;Sao Luis;30;0,9933590538232876
-2,5606303,-44,328163;Sao Luis;35;0,9920624881411675
-2,5606303,-44,328163;Sao Luis;40;0,9907342989058251
-2,5606303,-44,328163;Sao Luis;45;0,9893744861172601
-2,5606303,-44,328163;Sao Luis;50;0,9879514262222503
-2,5606303,-44,328163;Sao Luis;55;0,9865283663272405
-2,5606303,-44,328163;Sao Luis;60;0,9850420593257858
-2,5606303,-44,328163;Sao Luis;65;0,9835241287711087
-2,5606303,-44,328163;Sao Luis;70;0,9819745746632091
-2,5606303,-44,328163;Sao Luis;75;0,9804566441085321
-2,5606303,-44,328163;Sao Luis;80;0,9790968313199672
-2,5606303,-44,328163;Sao Luis;85;0,9778318891910696
-2,5606303,-44,328163;Sao Luis;90;0,9767566883815065
-2,5606303,-44,328163;Sao Luis;95;0,9758079817848333
-2,5606303,-44,328163;Sao Luis;100;0,9749857694010499
-2,5606303,-44,328163;Sao Luis;105;0,9741951805704889
-2,5606303,-44,328163;Sao Luis;110;0,9734362152931504
-2,5606303,-44,328163;Sao Luis;115;0,9727088735690342
-2,5606303,-44,328163;Sao Luis;120;0,9720131553981405
-2,5606303,-44,328163;Sao Luis;125;0,9713806843336917
-2,5606303,-44,328163;Sao Luis;130;0,9708114603756878
-2,5606303,-44,328163;Sao Luis;135;0,9704319777370185
-2,5606303,-44,328163;Sao Luis;140;0,9702422364176839
-2,5606303,-44,328163;Sao Luis;145;0,9703054835241288
-2,5606303,-44,328163;Sao Luis;150;0,9705584719499083
-2,5606303,-44,328163;Sao Luis;155;0,9709379545885776
-2,5606303,-44,328163;Sao Luis;160;0,9714123078869141
-2,5606303,-44,328163;Sao Luis;165;0,9719499082916957
-2,5606303,-44,328163;Sao Luis;170;0,972550755802922
-2,5606303,-44,328163;Sao Luis;175;0,9732148504205933
-2,5606303,-44,328163;Sao Luis;180;0,973910568591487
-23,6821604,-46,875500;Sao Paulo;0;1,0
-23,6821604,-46,875500;Sao Paulo;5;0,9994131024869782
-23,6821604,-46,875500;Sao Paulo;10;0,9982026263663708
-23,6821604,-46,875500;Sao Paulo;15;0,9964052527327415
-23,6821604,-46,875500;Sao Paulo;20;0,9939843004915266
-23,6821604,-46,875500;Sao Paulo;25;0,99097645073729
-23,6821604,-46,875500;Sao Paulo;30;0,9874183845645954
-23,6821604,-46,875500;Sao Paulo;35;0,9833101019734429
-23,6821604,-46,875500;Sao Paulo;40;0,9786149218692686
-23,6821604,-46,875500;Sao Paulo;45;0,9735162497248918
-23,6821604,-46,875500;Sao Paulo;50;0,968160809918568
-23,6821604,-46,875500;Sao Paulo;55;0,9626953268285525
-23,6821604,-46,875500;Sao Paulo;60;0,9570831193602817
-23,6821604,-46,875500;Sao Paulo;65;0,9512875064191916
-23,6821604,-46,875500;Sao Paulo;70;0,9452351258161543
-23,6821604,-46,875500;Sao Paulo;75;0,9388892964566062
-23,6821604,-46,875500;Sao Paulo;80;0,9322500183405473
-23,6821604,-46,875500;Sao Paulo;85;0,9254273347516689
-23,6821604,-46,875500;Sao Paulo;90;0,9184579267845353
-23,6821604,-46,875500;Sao Paulo;95;0,9114151566282738
-23,6821604,-46,875500;Sao Paulo;100;0,9044090675665762
-23,6821604,-46,875500;Sao Paulo;105;0,8974396595994425
-23,6821604,-46,875500;Sao Paulo;110;0,8906169760105641
-23,6821604,-46,875500;Sao Paulo;115;0,8839776978945052
-23,6821604,-46,875500;Sao Paulo;120;0,8775951874403932
-23,6821604,-46,875500;Sao Paulo;125;0,8715061257427922
-23,6821604,-46,875500;Sao Paulo;130;0,8657838749908298
-23,6821604,-46,875500;Sao Paulo;135;0,8605384784681975
-23,6821604,-46,875500;Sao Paulo;140;0,8557332550803316
-23,6821604,-46,875500;Sao Paulo;145;0,8514048859217959
-23,6821604,-46,875500;Sao Paulo;150;0,8475166898980265
-23,6821604,-46,875500;Sao Paulo;155;0,8442520724818429
-23,6821604,-46,875500;Sao Paulo;160;0,841574352578681
-23,6821604,-46,875500;Sao Paulo;165;0,8394101679994131
-23,6821604,-46,875500;Sao Paulo;170;0,8378695620277309
-23,6821604,-46,875500;Sao Paulo;175;0,8370258968527621
-23,6821604,-46,875500;Sao Paulo;180;0,8368791724745066
-11,8707568,-55,5764215;Sinop;0;1,0
-11,8707568,-55,5764215;Sinop;5;0,9993068948891032
-11,8707568,-55,5764215;Sinop;10;0,9981014946962391
-11,8707568,-55,5764215;Sinop;15;0,9964742044358728
-11,8707568,-55,5764215;Sinop;20;0,9945154291224687
-11,8707568,-55,5764215;Sinop;25;0,992225168756027
-11,8707568,-55,5764215;Sinop;30;0,9896034233365477
-11,8707568,-55,5764215;Sinop;35;0,9867405978784957
-11,8707568,-55,5764215;Sinop;40;0,9837873674059788
-11,8707568,-55,5764215;Sinop;45;0,9806533269045323
-11,8707568,-55,5764215;Sinop;50;0,9772480713596914
-11,8707568,-55,5764215;Sinop;55;0,9735414657666345
-11,8707568,-55,5764215;Sinop;60;0,9695636451301832
-11,8707568,-55,5764215;Sinop;65;0,9653146094503375
-11,8707568,-55,5764215;Sinop;70;0,960824493731919
-11,8707568,-55,5764215;Sinop;75;0,9561535679845709
-11,8707568,-55,5764215;Sinop;80;0,951392237222758
-11,8707568,-55,5764215;Sinop;85;0,9465706364513018
-11,8707568,-55,5764215;Sinop;90;0,941809305689489
-11,8707568,-55,5764215;Sinop;95;0,9370178399228544
-11,8707568,-55,5764215;Sinop;100;0,9322565091610414
-11,8707568,-55,5764215;Sinop;105;0,9274650433944069
-11,8707568,-55,5764215;Sinop;110;0,9227639826422372
-11,8707568,-55,5764215;Sinop;115;0,918183461909354
-11,8707568,-55,5764215;Sinop;120;0,9137536162005786
-11,8707568,-55,5764215;Sinop;125;0,9095949855351977
-11,8707568,-55,5764215;Sinop;130;0,9057075699132112
-11,8707568,-55,5764215;Sinop;135;0,9020913693346191
-11,8707568,-55,5764215;Sinop;140;0,898776518804243
-11,8707568,-55,5764215;Sinop;145;0,8958232883317261
-11,8707568,-55,5764215;Sinop;150;0,8932316779170685
-11,8707568,-55,5764215;Sinop;155;0,8910920925747348
-11,8707568,-55,5764215;Sinop;160;0,8893743972999035
-11,8707568,-55,5764215;Sinop;165;0,8880785920925748
-11,8707568,-55,5764215;Sinop;170;0,8872348119575699
-11,8707568,-55,5764215;Sinop;175;0,8867827868852459
-11,8707568,-55,5764215;Sinop;175;0,8867827868852459
-20,2821776,-40,355744;Vitoria;0;1,0
-20,2821776,-40,355744;Vitoria;5;0,9998716550086633
-20,2821776,-40,355744;Vitoria;10;0,9990694988128088
-20,2821776,-40,355744;Vitoria;15;0,9975935314124367
-20,2821776,-40,355744;Vitoria;20;0,9955720977988834
-20,2821776,-40,355744;Vitoria;25;0,9929731117243149
-20,2821776,-40,355744;Vitoria;30;0,9900532631714047
-20,2821776,-40,355744;Vitoria;35;0,9867804658923186
-20,2821776,-40,355744;Vitoria;40;0,983090547391388
-20,2821776,-40,355744;Vitoria;45;0,9789514214207791
-20,2821776,-40,355744;Vitoria;50;0,9743630879804915
-20,2821776,-40,355744;Vitoria;55;0,9693897195661939
-20,2821776,-40,355744;Vitoria;60;0,9639671436822178
-20,2821776,-40,355744;Vitoria;65;0,9582557915677341
-20,2821776,-40,355744;Vitoria;70;0,9523198357184111
-20,2821776,-40,355744;Vitoria;75;0,9462555348777514
-20,2821776,-40,355744;Vitoria;80;0,9401270615414233
-20,2821776,-40,355744;Vitoria;85;0,9339344157094269
-20,2821776,-40,355744;Vitoria;90;0,927645511133928
-20,2821776,-40,355744;Vitoria;95;0,9212924340627607
-20,2821776,-40,355744;Vitoria;100;0,9149714432394276
-20,2821776,-40,355744;Vitoria;105;0,9086504524160944
-20,2821776,-40,355744;Vitoria;110;0,9024898928319323
-20,2821776,-40,355744;Vitoria;115;0,8964255919912726
-20,2821776,-40,355744;Vitoria;120;0,8906179811332863
-20,2821776,-40,355744;Vitoria;125;0,8850349740101393
-20,2821776,-40,355744;Vitoria;130;0,8797407431174998
-20,2821776,-40,355744;Vitoria;135;0,8747994609510363
-20,2821776,-40,355744;Vitoria;140;0,8702111275107489
-20,2821776,-40,355744;Vitoria;145;0,8660399152923057
-20,2821776,-40,355744;Vitoria;150;0,8622858242957069
-20,2821776,-40,355744;Vitoria;155;0,859077199512289
-20,2821776,-40,355744;Vitoria;160;0,8563498684463838
-20,2821776,-40,355744;Vitoria;165;0,854200089841494
-20,2821776,-40,355744;Vitoria;170;0,8527241224411217
-20,2821776,-40,355744;Vitoria;175;0,852050311236604
-20,2821776,-40,355744;Vitoria;180;0,8521144837322724
